{"hiddenService":"222222224gxtwmga.onion","dateScanned":"2019-08-30T11:29:44.460855182Z","online":false,"performedScans":["web","tls","ssh","irc","ricochet","ftp","smtp","mongodb","vnc","xmpp","bitcoin","bitcoin_test","litecoin","dogecoin"],"webDetected":true,"tlsDetected":false,"sshDetected":false,"ricochetDetected":false,"ircDetected":false,"ftpDetected":false,"smtpDetected":false,"bitcoinDetected":false,"mongodbDetected":false,"vncDetected":false,"xmppDetected":false,"skynetDetected":false,"crawls":{"http://222222224gxtwmga.onion/":8711267210407843249,"http://222222224gxtwmga.onion/private_key":1541073533886677898,"http://222222224gxtwmga.onion/server-status":8015029847982623189},"pgpKeys":null,"certificates":null,"bitcoinServices":{"bitcoin":{"detected":false,"userAgent":"","prototocolVersion":0,"onionPeers":null},"bitcoin_test":{"detected":false,"userAgent":"","prototocolVersion":0,"onionPeers":null},"dogecoin":{"detected":false,"userAgent":"","prototocolVersion":0,"onionPeers":null},"litecoin":{"detected":false,"userAgent":"","prototocolVersion":0,"onionPeers":null}},"sshKey":"","sshBanner":"","ftpFingerprint":"","ftpBanner":"","smtpFingerprint":"","smtpBanner":"","lastAction":"dogecoin","timedOut":false,"error":null,"identifierReport":{"privateKeyDetected":false,"foundApacheModStatus":false,"serverVersion":"","relatedOnionServices":null,"relatedOnionDomains":null,"ipAddresses":null,"emailAddresses":null,"analyticsIDs":null,"bitcoinAddresses":["17A16QmavnUfCW11DAApiJxp7ARnxN5pGX","1GwsWoNRUiyhXRetk6kYzWmjkJMGTyiB4L","1Gg9puW2ZT34ZJWFrNpf3wt5rW4nQaLf5K","1J7tWWkuvmRGb8iW34MK6G7teWErhzTCRn","1NRWX7f7JM1W9ajuCeqW44yJMwoupmUqsH","13NUjafb44XXyHxZyh96QY1UZJy7kLr66X","128hxUTYhRcptKk9BY95sqMsKVHh6bRs2A","1NPwb8jwphx8mC5MiaUTvXpemtaVo6d7TB","1P755TKKMfXS7D44xWJMnZWfzvFpw54i7M"],"linkedOnions":null,"openDirectories":null,"exifImages":null},"simpleReport":{"hiddenService":"222222224gxtwmga.onion","risks":[{"severity":"info","title":"Found Bitcoin Addresses","description":"","fix":"","items":["17A16QmavnUfCW11DAApiJxp7ARnxN5pGX","1GwsWoNRUiyhXRetk6kYzWmjkJMGTyiB4L","1Gg9puW2ZT34ZJWFrNpf3wt5rW4nQaLf5K","1J7tWWkuvmRGb8iW34MK6G7teWErhzTCRn","1NRWX7f7JM1W9ajuCeqW44yJMwoupmUqsH","13NUjafb44XXyHxZyh96QY1UZJy7kLr66X","128hxUTYhRcptKk9BY95sqMsKVHh6bRs2A","1NPwb8jwphx8mC5MiaUTvXpemtaVo6d7TB","1P755TKKMfXS7D44xWJMnZWfzvFpw54i7M"]}]}}
