{"hiddenService":"222lotto3zga65ot.onion","dateScanned":"2019-08-30T09:25:43.750355032Z","online":false,"performedScans":["web","tls","ssh","irc","ricochet","ftp","smtp","mongodb","vnc","xmpp","bitcoin","bitcoin_test","litecoin","dogecoin"],"webDetected":true,"tlsDetected":false,"sshDetected":false,"ricochetDetected":false,"ircDetected":false,"ftpDetected":false,"smtpDetected":false,"bitcoinDetected":false,"mongodbDetected":false,"vncDetected":false,"xmppDetected":false,"skynetDetected":false,"crawls":{"http://222lotto3zga65ot.onion/":4728317740407561426,"http://222lotto3zga65ot.onion/#winnerHow":6728546950697975934,"http://222lotto3zga65ot.onion/private_key":4755877441490230636,"http://222lotto3zga65ot.onion/server-status":5116262759211137107},"pgpKeys":null,"certificates":null,"bitcoinServices":{"bitcoin":{"detected":false,"userAgent":"","prototocolVersion":0,"onionPeers":null},"bitcoin_test":{"detected":false,"userAgent":"","prototocolVersion":0,"onionPeers":null},"dogecoin":{"detected":false,"userAgent":"","prototocolVersion":0,"onionPeers":null},"litecoin":{"detected":false,"userAgent":"","prototocolVersion":0,"onionPeers":null}},"sshKey":"","sshBanner":"","ftpFingerprint":"","ftpBanner":"","smtpFingerprint":"","smtpBanner":"","lastAction":"dogecoin","timedOut":false,"error":null,"identifierReport":{"privateKeyDetected":false,"foundApacheModStatus":false,"serverVersion":"","relatedOnionServices":null,"relatedOnionDomains":null,"ipAddresses":null,"emailAddresses":["222lotto@secmail.pro"],"analyticsIDs":null,"bitcoinAddresses":["1DaRuphDMZsmU6ViSLKvVxw4ksVYtAsf75","1HZrm7KzsbfkoSqLXoegtba233DicAdsQM","1MZCVAruw3S1FPY6DmyJrAgHTFuYQhCvhJ","12RNjsavpcLkD7MG8j5yxAys469RqXxiuq","3E47M82tup8766AXjWAY7yKHqTmqLeXU7Z","12ijZyPhmGNYeG6AXtovUDbLy8Mj8B6EN1","3K4k7Pa7o7yDJkSrnSfhRXM3DyBgujw7Xy","19ENXxHRyzW7DSm36gv4aQgHbaR1FmqUaR","1rqypch6vNujrvM3sGrwMrrH4dMtwfHsq","3MpvmELuAexpxwNWhh9gA1Cs1rU8d9aEf4","111LAT37BPiF4jyJZf7yZZ5bJGHNb6woh","133pkqPUd3pxqbgYRPE9zVBf2m5x657pm1","34KmcDn2HBuQKwSwhvQrnBhEP8pteufbDm","3G5FpkJGwt5X8ifxiGdprfwH54Q2MrtU6w","16C2WQ4norcz5rrmdTKH9v4kwtAbEZDrRC"],"linkedOnions":["222222222fyhdxlj.onion"],"openDirectories":null,"exifImages":null},"simpleReport":{"hiddenService":"222lotto3zga65ot.onion","risks":[{"severity":"info","title":"Found Identities","description":"","fix":"","items":["222lotto@secmail.pro"]},{"severity":"info","title":"Found Bitcoin Addresses","description":"","fix":"","items":["1DaRuphDMZsmU6ViSLKvVxw4ksVYtAsf75","1HZrm7KzsbfkoSqLXoegtba233DicAdsQM","1MZCVAruw3S1FPY6DmyJrAgHTFuYQhCvhJ","12RNjsavpcLkD7MG8j5yxAys469RqXxiuq","3E47M82tup8766AXjWAY7yKHqTmqLeXU7Z","12ijZyPhmGNYeG6AXtovUDbLy8Mj8B6EN1","3K4k7Pa7o7yDJkSrnSfhRXM3DyBgujw7Xy","19ENXxHRyzW7DSm36gv4aQgHbaR1FmqUaR","1rqypch6vNujrvM3sGrwMrrH4dMtwfHsq","3MpvmELuAexpxwNWhh9gA1Cs1rU8d9aEf4","111LAT37BPiF4jyJZf7yZZ5bJGHNb6woh","133pkqPUd3pxqbgYRPE9zVBf2m5x657pm1","34KmcDn2HBuQKwSwhvQrnBhEP8pteufbDm","3G5FpkJGwt5X8ifxiGdprfwH54Q2MrtU6w","16C2WQ4norcz5rrmdTKH9v4kwtAbEZDrRC"]}]}}
