{"hiddenService":"2ljaiqrixmmzbda3.onion","dateScanned":"2019-08-30T17:36:29.720556273Z","online":false,"performedScans":["web","tls","ssh","irc","ricochet","ftp","smtp","mongodb","vnc","xmpp","bitcoin","bitcoin_test","litecoin","dogecoin"],"webDetected":true,"tlsDetected":false,"sshDetected":false,"ricochetDetected":false,"ircDetected":false,"ftpDetected":false,"smtpDetected":false,"bitcoinDetected":false,"mongodbDetected":false,"vncDetected":false,"xmppDetected":false,"skynetDetected":false,"crawls":{"http://2ljaiqrixmmzbda3.onion/":7827070415873761700,"http://2ljaiqrixmmzbda3.onion/icons":4573777516083130846,"http://2ljaiqrixmmzbda3.onion/icons/ubuntu-logo.png":2634228740046019467,"http://2ljaiqrixmmzbda3.onion/manual":1834954961285433385,"http://2ljaiqrixmmzbda3.onion/private_key":6418611312665223128,"http://2ljaiqrixmmzbda3.onion/server-status":1493848933718991410},"pgpKeys":null,"certificates":null,"bitcoinServices":{"bitcoin":{"detected":false,"userAgent":"","prototocolVersion":0,"onionPeers":null},"bitcoin_test":{"detected":false,"userAgent":"","prototocolVersion":0,"onionPeers":null},"dogecoin":{"detected":false,"userAgent":"","prototocolVersion":0,"onionPeers":null},"litecoin":{"detected":false,"userAgent":"","prototocolVersion":0,"onionPeers":null}},"sshKey":"","sshBanner":"","ftpFingerprint":"","ftpBanner":"","smtpFingerprint":"","smtpBanner":"","lastAction":"dogecoin","timedOut":false,"error":null,"identifierReport":{"privateKeyDetected":false,"foundApacheModStatus":false,"serverVersion":"","relatedOnionServices":null,"relatedOnionDomains":null,"ipAddresses":null,"emailAddresses":null,"analyticsIDs":null,"bitcoinAddresses":null,"linkedOnions":null,"openDirectories":null,"exifImages":null},"simpleReport":{"hiddenService":"2ljaiqrixmmzbda3.onion","risks":null}}
