{"hiddenService":"2nooyytcrsvcu2be.onion","dateScanned":"2019-08-31T14:17:00.863826799Z","online":false,"performedScans":["web"],"webDetected":true,"tlsDetected":false,"sshDetected":false,"ricochetDetected":false,"ircDetected":false,"ftpDetected":false,"smtpDetected":false,"bitcoinDetected":false,"mongodbDetected":false,"vncDetected":false,"xmppDetected":false,"skynetDetected":false,"crawls":{"http://2nooyytcrsvcu2be.onion/":4486682770034027134,"http://2nooyytcrsvcu2be.onion/private_key":7278897312067362734,"http://2nooyytcrsvcu2be.onion/server-status":3261444493191703973},"pgpKeys":null,"certificates":null,"bitcoinServices":{},"sshKey":"","sshBanner":"","ftpFingerprint":"","ftpBanner":"","smtpFingerprint":"","smtpBanner":"","lastAction":"web","timedOut":true,"error":null,"identifierReport":{"privateKeyDetected":false,"foundApacheModStatus":false,"serverVersion":"","relatedOnionServices":null,"relatedOnionDomains":null,"ipAddresses":null,"emailAddresses":null,"analyticsIDs":null,"bitcoinAddresses":null,"linkedOnions":null,"openDirectories":null,"exifImages":null},"simpleReport":{"hiddenService":"2nooyytcrsvcu2be.onion","risks":null}}
