{"hiddenService":"2oywvwmtzdelmiei.onion","dateScanned":"2019-08-30T03:53:03.637269186Z","online":false,"performedScans":["web","tls","ssh","irc","ricochet","ftp","smtp","mongodb","vnc","xmpp","bitcoin","bitcoin_test","litecoin","dogecoin"],"webDetected":true,"tlsDetected":false,"sshDetected":false,"ricochetDetected":false,"ircDetected":false,"ftpDetected":false,"smtpDetected":false,"bitcoinDetected":false,"mongodbDetected":false,"vncDetected":false,"xmppDetected":false,"skynetDetected":false,"crawls":{"http://2oywvwmtzdelmiei.onion/":7189212306281418442,"http://2oywvwmtzdelmiei.onion/private_key":3768669922605435634,"http://2oywvwmtzdelmiei.onion/server-status":8384677810191805892},"pgpKeys":null,"certificates":null,"bitcoinServices":{"bitcoin":{"detected":false,"userAgent":"","prototocolVersion":0,"onionPeers":null},"bitcoin_test":{"detected":false,"userAgent":"","prototocolVersion":0,"onionPeers":null},"dogecoin":{"detected":false,"userAgent":"","prototocolVersion":0,"onionPeers":null},"litecoin":{"detected":false,"userAgent":"","prototocolVersion":0,"onionPeers":null}},"sshKey":"","sshBanner":"","ftpFingerprint":"","ftpBanner":"","smtpFingerprint":"","smtpBanner":"","lastAction":"dogecoin","timedOut":false,"error":null,"identifierReport":{"privateKeyDetected":false,"foundApacheModStatus":false,"serverVersion":"","relatedOnionServices":null,"relatedOnionDomains":null,"ipAddresses":null,"emailAddresses":null,"analyticsIDs":null,"bitcoinAddresses":null,"linkedOnions":["za4ocp6kkva63aqd.onion","kvgl3xmp6z5t5myd.onion","qecosbndo4bhkdad.onion","fwygmzna6dbh7hyd.onion","q7dpa36pjtkeifyd.onion","iwietbnonvwk3fyd.onion","ai5c2owhn6ksu5ad.onion","2ebbfnnwc7swmuqd.onion","5tttgacpwouiuaid.onion","musk3shvmnq7nnqd.onion","cxplhd4z7bxucdid.onion"],"openDirectories":null,"exifImages":null},"simpleReport":{"hiddenService":"2oywvwmtzdelmiei.onion","risks":null}}
