{"hiddenService":"2rko3ahsdilka74f.onion","dateScanned":"2019-08-30T07:01:02.970181071Z","online":false,"performedScans":["web","tls","ssh","irc","ricochet","ftp","smtp","mongodb","vnc","xmpp","bitcoin","bitcoin_test","litecoin","dogecoin"],"webDetected":true,"tlsDetected":false,"sshDetected":false,"ricochetDetected":false,"ircDetected":false,"ftpDetected":false,"smtpDetected":false,"bitcoinDetected":false,"mongodbDetected":false,"vncDetected":false,"xmppDetected":false,"skynetDetected":false,"crawls":{"http://2rko3ahsdilka74f.onion/":8465541869793279967,"http://2rko3ahsdilka74f.onion/#anchor1":140737790922233591,"http://2rko3ahsdilka74f.onion/css":7528502409423749907,"http://2rko3ahsdilka74f.onion/css/site.20190408130156.css":814200010473313845,"http://2rko3ahsdilka74f.onion/images":924701671529286211,"http://2rko3ahsdilka74f.onion/images/2-200.png":1378147125146649462,"http://2rko3ahsdilka74f.onion/images/24-512-135.png":464369161103194111,"http://2rko3ahsdilka74f.onion/images/bitcoin_accepted_here_sign_horizontal2-200-5.png":6967690160202652244,"http://2rko3ahsdilka74f.onion/images/bitcoin_accepted_here_sign_horizontal2-200-7.png":1604960734366334768,"http://2rko3ahsdilka74f.onion/images/bitcoin_accepted_here_sign_horizontal2-200-9.png":2943831970469709306,"http://2rko3ahsdilka74f.onion/images/penis_sticker_o-222.jpg":5122708907028101832,"http://2rko3ahsdilka74f.onion/images/pvt_sale_icons-25_1530209050-230.png":1300724651904602787,"http://2rko3ahsdilka74f.onion/images/snimok-ekrana-2019-02-20-v-9.54.29-914.jpg":1312015278702035027,"http://2rko3ahsdilka74f.onion/js":1852864523208569283,"http://2rko3ahsdilka74f.onion/js/index.20190408130156.js":2778475340540790651,"http://2rko3ahsdilka74f.onion/js/jquery.js":8086195153755406943,"http://2rko3ahsdilka74f.onion/private_key":1212939188936326892,"http://2rko3ahsdilka74f.onion/server-status":1655220774525372906},"pgpKeys":null,"certificates":null,"bitcoinServices":{"bitcoin":{"detected":false,"userAgent":"","prototocolVersion":0,"onionPeers":null},"bitcoin_test":{"detected":false,"userAgent":"","prototocolVersion":0,"onionPeers":null},"dogecoin":{"detected":false,"userAgent":"","prototocolVersion":0,"onionPeers":null},"litecoin":{"detected":false,"userAgent":"","prototocolVersion":0,"onionPeers":null}},"sshKey":"","sshBanner":"","ftpFingerprint":"","ftpBanner":"","smtpFingerprint":"","smtpBanner":"","lastAction":"dogecoin","timedOut":false,"error":null,"identifierReport":{"privateKeyDetected":false,"foundApacheModStatus":false,"serverVersion":"","relatedOnionServices":null,"relatedOnionDomains":null,"ipAddresses":null,"emailAddresses":null,"analyticsIDs":null,"bitcoinAddresses":null,"linkedOnions":null,"openDirectories":null,"exifImages":[{"location":"/images/snimok-ekrana-2019-02-20-v-9.54.29-914.jpg","exifTags":[{"name":"ColorSpace","value":"1"},{"name":"PixelXDimension","value":"914"},{"name":"PixelYDimension","value":"552"},{"name":"ExifIFDPointer","value":"26"}]},{"location":"/images/penis_sticker_o-222.jpg","exifTags":[{"name":"ExifIFDPointer","value":"26"},{"name":"ColorSpace","value":"1"},{"name":"PixelXDimension","value":"222"},{"name":"PixelYDimension","value":"154"}]}]},"simpleReport":{"hiddenService":"2rko3ahsdilka74f.onion","risks":[{"severity":"medium","title":"Small number of images with EXIF metadata were discovered!","description":"Why this is bad: EXIF metadata can itself deanonymize a user or service operator (e.g. GPS location, Name etc.). Or, when combined, can be used to link anonymous identities together.","fix":"To fix, re-encode all images to strip EXIF and other metadata.","items":["/images/snimok-ekrana-2019-02-20-v-9.54.29-914.jpg","/images/penis_sticker_o-222.jpg"]}]}}
