{"hiddenService":"2x4tmsirlqvqmwdz.onion","dateScanned":"2019-08-30T14:36:58.451730677Z","online":false,"performedScans":["web","tls","ssh","irc","ricochet","ftp","smtp","mongodb","vnc","xmpp","bitcoin","bitcoin_test","litecoin","dogecoin"],"webDetected":true,"tlsDetected":false,"sshDetected":false,"ricochetDetected":false,"ircDetected":false,"ftpDetected":false,"smtpDetected":false,"bitcoinDetected":false,"mongodbDetected":false,"vncDetected":false,"xmppDetected":false,"skynetDetected":false,"crawls":{"http://2x4tmsirlqvqmwdz.onion/":6855494021381836403,"http://2x4tmsirlqvqmwdz.onion/private_key":2076400178034828698,"http://2x4tmsirlqvqmwdz.onion/server-status":5855906489232504495},"pgpKeys":null,"certificates":null,"bitcoinServices":{"bitcoin":{"detected":false,"userAgent":"","prototocolVersion":0,"onionPeers":null},"bitcoin_test":{"detected":false,"userAgent":"","prototocolVersion":0,"onionPeers":null},"dogecoin":{"detected":false,"userAgent":"","prototocolVersion":0,"onionPeers":null},"litecoin":{"detected":false,"userAgent":"","prototocolVersion":0,"onionPeers":null}},"sshKey":"","sshBanner":"","ftpFingerprint":"","ftpBanner":"","smtpFingerprint":"","smtpBanner":"","lastAction":"dogecoin","timedOut":false,"error":null,"identifierReport":{"privateKeyDetected":false,"foundApacheModStatus":true,"serverVersion":"Apache/2.4.18 (Ubuntu)","relatedOnionServices":null,"relatedOnionDomains":null,"ipAddresses":null,"emailAddresses":null,"analyticsIDs":null,"bitcoinAddresses":null,"linkedOnions":null,"openDirectories":null,"exifImages":null},"simpleReport":{"hiddenService":"2x4tmsirlqvqmwdz.onion","risks":[{"severity":"high","title":"Apache mod_status is enabled and accessible","description":"Why this is bad: An attacker can gain very valuable information from this internal status page including IP addresses, co-hosted services and user activity.","fix":"To fix, disable mod_status or serve it on a different port than the configured hidden service.","items":null}]}}
