{"hiddenService":"2ygmyhpyg2gws3eb.onion","dateScanned":"2019-08-30T13:07:55.007516898Z","online":false,"performedScans":["web","tls","ssh","irc","ricochet","ftp","smtp","mongodb","vnc","xmpp","bitcoin","bitcoin_test","litecoin","dogecoin"],"webDetected":true,"tlsDetected":false,"sshDetected":false,"ricochetDetected":false,"ircDetected":false,"ftpDetected":false,"smtpDetected":false,"bitcoinDetected":false,"mongodbDetected":false,"vncDetected":false,"xmppDetected":false,"skynetDetected":false,"crawls":{"http://2ygmyhpyg2gws3eb.onion/":4547278417482850036,"http://2ygmyhpyg2gws3eb.onion/css":8617123701424879715,"http://2ygmyhpyg2gws3eb.onion/css/app.css":5515181099738560149,"http://2ygmyhpyg2gws3eb.onion/forgotpassword":8253817064310835274,"http://2ygmyhpyg2gws3eb.onion/images":2397432320979418649,"http://2ygmyhpyg2gws3eb.onion/images/genesislogo.png":5279484881096583949,"http://2ygmyhpyg2gws3eb.onion/images/genesislogolarge.png":1080871864003097590,"http://2ygmyhpyg2gws3eb.onion/images/oie_png.png":50633839855752951,"http://2ygmyhpyg2gws3eb.onion/private_key":4151288447132989651,"http://2ygmyhpyg2gws3eb.onion/server-status":7272704211473096943,"http://2ygmyhpyg2gws3eb.onion/signin":4440394948881589183,"http://2ygmyhpyg2gws3eb.onion/signup":3486881331817870408},"pgpKeys":null,"certificates":null,"bitcoinServices":{"bitcoin":{"detected":false,"userAgent":"","prototocolVersion":0,"onionPeers":null},"bitcoin_test":{"detected":false,"userAgent":"","prototocolVersion":0,"onionPeers":null},"dogecoin":{"detected":false,"userAgent":"","prototocolVersion":0,"onionPeers":null},"litecoin":{"detected":false,"userAgent":"","prototocolVersion":0,"onionPeers":null}},"sshKey":"","sshBanner":"","ftpFingerprint":"","ftpBanner":"","smtpFingerprint":"","smtpBanner":"","lastAction":"dogecoin","timedOut":false,"error":null,"identifierReport":{"privateKeyDetected":false,"foundApacheModStatus":false,"serverVersion":"","relatedOnionServices":null,"relatedOnionDomains":null,"ipAddresses":null,"emailAddresses":null,"analyticsIDs":null,"bitcoinAddresses":null,"linkedOnions":["a7pia44wy53xj4b2.onion","nd7r6w3hy4acgmqe.onion","etvywwhzyzcfe3tl.onion","3rmybxbtkb5txmqv.onion","zkseazrr5ahabwid.onion","duuoaqwcbdcqa4sz.onion","ybyikkew5ixmh62o.onion","oamlbqhnd5rozdg5.onion","n6prwvhrxlyhc3j2.onion","32zvohcmpepdgg6l.onion","iurnxnnbn75fonho.onion","z356eqgtwptynqpg.onion","otq5ba7lrjifnsbh.onion","vntmi42a3oragmh3.onion","v6xs4vtjh5tp4b4b.onion","tgncgif77yxz3b75.onion","x5ylylnoftkolawu.onion","kfgi5xc42pu5qaen.onion","mdwqrd7zttamnbaq.onion"],"openDirectories":null,"exifImages":null},"simpleReport":{"hiddenService":"2ygmyhpyg2gws3eb.onion","risks":null}}
