{"hiddenService":"2zyaf2sze7ju7yvw.onion","dateScanned":"2019-08-30T04:18:53.771292297Z","online":false,"performedScans":["web","tls","ssh","irc","ricochet","ftp","smtp","mongodb","vnc","xmpp","bitcoin","bitcoin_test","litecoin","dogecoin"],"webDetected":true,"tlsDetected":false,"sshDetected":false,"ricochetDetected":false,"ircDetected":false,"ftpDetected":false,"smtpDetected":false,"bitcoinDetected":false,"mongodbDetected":false,"vncDetected":false,"xmppDetected":false,"skynetDetected":false,"crawls":{"http://2zyaf2sze7ju7yvw.onion/":1627471654658786732,"http://2zyaf2sze7ju7yvw.onion/private_key":5190293893797268198,"http://2zyaf2sze7ju7yvw.onion/server-status":4189354441596162986},"pgpKeys":null,"certificates":null,"bitcoinServices":{"bitcoin":{"detected":false,"userAgent":"","prototocolVersion":0,"onionPeers":null},"bitcoin_test":{"detected":false,"userAgent":"","prototocolVersion":0,"onionPeers":null},"dogecoin":{"detected":false,"userAgent":"","prototocolVersion":0,"onionPeers":null},"litecoin":{"detected":false,"userAgent":"","prototocolVersion":0,"onionPeers":null}},"sshKey":"","sshBanner":"","ftpFingerprint":"","ftpBanner":"","smtpFingerprint":"","smtpBanner":"","lastAction":"dogecoin","timedOut":false,"error":null,"identifierReport":{"privateKeyDetected":false,"foundApacheModStatus":false,"serverVersion":"","relatedOnionServices":null,"relatedOnionDomains":null,"ipAddresses":null,"emailAddresses":["2zyaf2sze7ju7yvw.onion@secmail.info"],"analyticsIDs":null,"bitcoinAddresses":null,"linkedOnions":["o2nlo5zjoxp25kfv.onion"],"openDirectories":null,"exifImages":null},"simpleReport":{"hiddenService":"2zyaf2sze7ju7yvw.onion","risks":[{"severity":"info","title":"Found Identities","description":"","fix":"","items":["2zyaf2sze7ju7yvw.onion@secmail.info"]}]}}
