{"hiddenService":"32ixgser7hzgsyad.onion","dateScanned":"2019-08-30T17:26:09.662159409Z","online":false,"performedScans":["web"],"webDetected":true,"tlsDetected":false,"sshDetected":false,"ricochetDetected":false,"ircDetected":false,"ftpDetected":false,"smtpDetected":false,"bitcoinDetected":false,"mongodbDetected":false,"vncDetected":false,"xmppDetected":false,"skynetDetected":false,"crawls":{"http://32ixgser7hzgsyad.onion/":2003239686257296045,"http://32ixgser7hzgsyad.onion/private_key":8672565217866246681,"http://32ixgser7hzgsyad.onion/server-status":1819760299595140662},"pgpKeys":null,"certificates":null,"bitcoinServices":{},"sshKey":"","sshBanner":"","ftpFingerprint":"","ftpBanner":"","smtpFingerprint":"","smtpBanner":"","lastAction":"web","timedOut":true,"error":null,"identifierReport":{"privateKeyDetected":false,"foundApacheModStatus":false,"serverVersion":"","relatedOnionServices":null,"relatedOnionDomains":null,"ipAddresses":null,"emailAddresses":null,"analyticsIDs":null,"bitcoinAddresses":null,"linkedOnions":null,"openDirectories":null,"exifImages":null},"simpleReport":{"hiddenService":"32ixgser7hzgsyad.onion","risks":null}}
