{"hiddenService":"32zvohcmpepdgg6l.onion","dateScanned":"2019-08-30T01:52:34.785338886Z","online":false,"performedScans":["web","tls","ssh","irc","ricochet","ftp","smtp","mongodb","vnc","xmpp","bitcoin","bitcoin_test","litecoin","dogecoin"],"webDetected":true,"tlsDetected":false,"sshDetected":false,"ricochetDetected":false,"ircDetected":false,"ftpDetected":false,"smtpDetected":false,"bitcoinDetected":false,"mongodbDetected":false,"vncDetected":false,"xmppDetected":false,"skynetDetected":false,"crawls":{"http://32zvohcmpepdgg6l.onion/":7184349164454191399,"http://32zvohcmpepdgg6l.onion/css":7981797160655900093,"http://32zvohcmpepdgg6l.onion/css/app.css":4535089493037578653,"http://32zvohcmpepdgg6l.onion/forgotpassword":1778210994082740155,"http://32zvohcmpepdgg6l.onion/images":3132783708088008229,"http://32zvohcmpepdgg6l.onion/images/genesislogo.png":5060133830322801594,"http://32zvohcmpepdgg6l.onion/images/genesislogolarge.png":2083839793380427238,"http://32zvohcmpepdgg6l.onion/images/oie_png.png":7859548232425132194,"http://32zvohcmpepdgg6l.onion/private_key":1245696750060831051,"http://32zvohcmpepdgg6l.onion/server-status":1247131880551084028,"http://32zvohcmpepdgg6l.onion/signin":2535298769469121243,"http://32zvohcmpepdgg6l.onion/signup":6827134510211728626},"pgpKeys":null,"certificates":null,"bitcoinServices":{"bitcoin":{"detected":false,"userAgent":"","prototocolVersion":0,"onionPeers":null},"bitcoin_test":{"detected":false,"userAgent":"","prototocolVersion":0,"onionPeers":null},"dogecoin":{"detected":false,"userAgent":"","prototocolVersion":0,"onionPeers":null},"litecoin":{"detected":false,"userAgent":"","prototocolVersion":0,"onionPeers":null}},"sshKey":"","sshBanner":"","ftpFingerprint":"","ftpBanner":"","smtpFingerprint":"","smtpBanner":"","lastAction":"dogecoin","timedOut":false,"error":null,"identifierReport":{"privateKeyDetected":false,"foundApacheModStatus":false,"serverVersion":"","relatedOnionServices":null,"relatedOnionDomains":null,"ipAddresses":null,"emailAddresses":null,"analyticsIDs":null,"bitcoinAddresses":null,"linkedOnions":["2ygmyhpyg2gws3eb.onion","duuoaqwcbdcqa4sz.onion","a7pia44wy53xj4b2.onion","mdwqrd7zttamnbaq.onion","iurnxnnbn75fonho.onion","ybyikkew5ixmh62o.onion","oamlbqhnd5rozdg5.onion","etvywwhzyzcfe3tl.onion","n6prwvhrxlyhc3j2.onion","tgncgif77yxz3b75.onion","x5ylylnoftkolawu.onion","3rmybxbtkb5txmqv.onion","z356eqgtwptynqpg.onion","vntmi42a3oragmh3.onion","v6xs4vtjh5tp4b4b.onion","nd7r6w3hy4acgmqe.onion","otq5ba7lrjifnsbh.onion","zkseazrr5ahabwid.onion","kfgi5xc42pu5qaen.onion"],"openDirectories":null,"exifImages":null},"simpleReport":{"hiddenService":"32zvohcmpepdgg6l.onion","risks":null}}
