{"hiddenService":"33y6fjyhs3phzfjj.onion","dateScanned":"2019-08-30T09:56:43.922769082Z","online":false,"performedScans":["web","tls","ssh","irc","ricochet","ftp","smtp","mongodb","vnc","xmpp","bitcoin","bitcoin_test","litecoin","dogecoin"],"webDetected":true,"tlsDetected":false,"sshDetected":false,"ricochetDetected":false,"ircDetected":false,"ftpDetected":false,"smtpDetected":false,"bitcoinDetected":false,"mongodbDetected":false,"vncDetected":false,"xmppDetected":false,"skynetDetected":false,"crawls":{"http://33y6fjyhs3phzfjj.onion/":7011556969189774160,"http://33y6fjyhs3phzfjj.onion/?l=ar":1198331742507719738,"http://33y6fjyhs3phzfjj.onion/?l=de_DE":8696490605726558129,"http://33y6fjyhs3phzfjj.onion/?l=en_US":4345394544218339655,"http://33y6fjyhs3phzfjj.onion/?l=es_ES":2213996271684979491,"http://33y6fjyhs3phzfjj.onion/?l=fr_FR":4826677551021523620,"http://33y6fjyhs3phzfjj.onion/?l=hi":4281387590777679042,"http://33y6fjyhs3phzfjj.onion/?l=pt_BR":5406489824513007383,"http://33y6fjyhs3phzfjj.onion/?l=ru":5656623426093167112,"http://33y6fjyhs3phzfjj.onion/?l=tr":7561523313989065623,"http://33y6fjyhs3phzfjj.onion/?l=zh_Hant":2235432403100398943,"http://33y6fjyhs3phzfjj.onion/generate":3175747486899960175,"http://33y6fjyhs3phzfjj.onion/generate?l=ar":1042724961294778389,"http://33y6fjyhs3phzfjj.onion/generate?l=de_DE":3212170463103270794,"http://33y6fjyhs3phzfjj.onion/generate?l=en_US":2404376214782536082,"http://33y6fjyhs3phzfjj.onion/generate?l=es_ES":4451081602580992551,"http://33y6fjyhs3phzfjj.onion/generate?l=fr_FR":8756743859374939979,"http://33y6fjyhs3phzfjj.onion/generate?l=hi":16036013493153563,"http://33y6fjyhs3phzfjj.onion/generate?l=pt_BR":6175691004632042870,"http://33y6fjyhs3phzfjj.onion/generate?l=ru":5084700665234772798,"http://33y6fjyhs3phzfjj.onion/generate?l=tr":1365531382102744419,"http://33y6fjyhs3phzfjj.onion/generate?l=zh_Hant":2339328044571809932,"http://33y6fjyhs3phzfjj.onion/login":5903216624474975756,"http://33y6fjyhs3phzfjj.onion/login?l=ar":1030344232223207251,"http://33y6fjyhs3phzfjj.onion/login?l=de_DE":48798720239997639,"http://33y6fjyhs3phzfjj.onion/login?l=en_US":6369940774188774286,"http://33y6fjyhs3phzfjj.onion/login?l=es_ES":8946637332889873291,"http://33y6fjyhs3phzfjj.onion/login?l=fr_FR":3168894299452671456,"http://33y6fjyhs3phzfjj.onion/login?l=hi":8040606810821907058,"http://33y6fjyhs3phzfjj.onion/login?l=pt_BR":6076382215117269623,"http://33y6fjyhs3phzfjj.onion/login?l=ru":1077821033202591487,"http://33y6fjyhs3phzfjj.onion/login?l=tr":7781052597393958037,"http://33y6fjyhs3phzfjj.onion/login?l=zh_Hant":2414001143198151786,"http://33y6fjyhs3phzfjj.onion/org-logo":8963996332540202633,"http://33y6fjyhs3phzfjj.onion/private_key":8308764027752325877,"http://33y6fjyhs3phzfjj.onion/server-status":5885847621123716330,"http://33y6fjyhs3phzfjj.onion/static":7163872562295628457,"http://33y6fjyhs3phzfjj.onion/static/css":457474319323046658,"http://33y6fjyhs3phzfjj.onion/static/css/source.css":376212803456343159,"http://33y6fjyhs3phzfjj.onion/static/gen":2885700842703533434,"http://33y6fjyhs3phzfjj.onion/static/gen/source.js?71398105":4935826610399175513,"http://33y6fjyhs3phzfjj.onion/static/i":4895375144442286556,"http://33y6fjyhs3phzfjj.onion/static/i/arrow-upload-blue.png":3825417023414202051,"http://33y6fjyhs3phzfjj.onion/static/i/arrow-upload-white.png":1823439587214915632,"http://33y6fjyhs3phzfjj.onion/static/i/favicon.png":2543325269499302479,"http://33y6fjyhs3phzfjj.onion/static/i/font-awesome":8552771670257120630,"http://33y6fjyhs3phzfjj.onion/static/i/font-awesome/black":5211617348962285333,"http://33y6fjyhs3phzfjj.onion/static/i/font-awesome/black/guard.svg":4826833083432351943,"http://33y6fjyhs3phzfjj.onion/static/i/font-awesome/comments-blue.png":8508669957221533546,"http://33y6fjyhs3phzfjj.onion/static/i/font-awesome/comments-white.png":2031911922814200583,"http://33y6fjyhs3phzfjj.onion/static/i/font-awesome/fa-arrow-circle-o-right-blue.png":1493705261429999116,"http://33y6fjyhs3phzfjj.onion/static/i/font-awesome/fa-arrow-circle-o-right-white.png":7348735308984628377,"http://33y6fjyhs3phzfjj.onion/static/i/font-awesome/fa-globe-black.png":8624614409901741936,"http://33y6fjyhs3phzfjj.onion/static/i/font-awesome/lock-black.png":629757428860228919,"http://33y6fjyhs3phzfjj.onion/static/i/font-awesome/refresh-blue.png":4927195072732187378,"http://33y6fjyhs3phzfjj.onion/static/i/font-awesome/refresh-white.png":5222589317359913162,"http://33y6fjyhs3phzfjj.onion/static/i/font-awesome/times-white.png":9213500326638345246,"http://33y6fjyhs3phzfjj.onion/static/i/font-awesome/white":1482086104259699330,"http://33y6fjyhs3phzfjj.onion/static/i/font-awesome/white/exclamation-circle.svg":7640322510399487933,"http://33y6fjyhs3phzfjj.onion/static/i/font-awesome/white/guard.svg":6408579100980504009,"http://33y6fjyhs3phzfjj.onion/torproject.org":346490760636682205,"http://33y6fjyhs3phzfjj.onion/torproject.org/download.html.en":3344389469569655390,"http://33y6fjyhs3phzfjj.onion/use-tor":3773914658193954841,"http://33y6fjyhs3phzfjj.onion/use-tor?l=ar":4419958233336804626,"http://33y6fjyhs3phzfjj.onion/use-tor?l=de_DE":5337618858655609232,"http://33y6fjyhs3phzfjj.onion/use-tor?l=en_US":2342155126287287953,"http://33y6fjyhs3phzfjj.onion/use-tor?l=es_ES":8497428626029478563,"http://33y6fjyhs3phzfjj.onion/use-tor?l=fr_FR":7003642587077573143,"http://33y6fjyhs3phzfjj.onion/use-tor?l=hi":8461377745371451466,"http://33y6fjyhs3phzfjj.onion/use-tor?l=pt_BR":7177583605047946724,"http://33y6fjyhs3phzfjj.onion/use-tor?l=ru":349077249051359403,"http://33y6fjyhs3phzfjj.onion/use-tor?l=tr":2169270789959665318,"http://33y6fjyhs3phzfjj.onion/use-tor?l=zh_Hant":3992518740994081548},"pgpKeys":null,"certificates":null,"bitcoinServices":{"bitcoin":{"detected":false,"userAgent":"","prototocolVersion":0,"onionPeers":null},"bitcoin_test":{"detected":false,"userAgent":"","prototocolVersion":0,"onionPeers":null},"dogecoin":{"detected":false,"userAgent":"","prototocolVersion":0,"onionPeers":null},"litecoin":{"detected":false,"userAgent":"","prototocolVersion":0,"onionPeers":null}},"sshKey":"","sshBanner":"","ftpFingerprint":"","ftpBanner":"","smtpFingerprint":"","smtpBanner":"","lastAction":"dogecoin","timedOut":false,"error":null,"identifierReport":{"privateKeyDetected":false,"foundApacheModStatus":false,"serverVersion":"","relatedOnionServices":null,"relatedOnionDomains":null,"ipAddresses":null,"emailAddresses":["gettor@torproject.org"],"analyticsIDs":null,"bitcoinAddresses":null,"linkedOnions":null,"openDirectories":null,"exifImages":null},"simpleReport":{"hiddenService":"33y6fjyhs3phzfjj.onion","risks":[{"severity":"info","title":"Found Identities","description":"","fix":"","items":["gettor@torproject.org"]}]}}
