{"hiddenService":"3dq2qekopqgxf4nz.onion","dateScanned":"2019-08-30T12:47:14.90050282Z","online":false,"performedScans":["web","tls","ssh","irc","ricochet","ftp","smtp","mongodb","vnc","xmpp","bitcoin","bitcoin_test","litecoin","dogecoin"],"webDetected":true,"tlsDetected":false,"sshDetected":false,"ricochetDetected":false,"ircDetected":false,"ftpDetected":false,"smtpDetected":false,"bitcoinDetected":false,"mongodbDetected":false,"vncDetected":false,"xmppDetected":false,"skynetDetected":false,"crawls":{"http://3dq2qekopqgxf4nz.onion/":181714481964273808,"http://3dq2qekopqgxf4nz.onion/private_key":7679958326653177385,"http://3dq2qekopqgxf4nz.onion/server-status":5145574075827052100},"pgpKeys":null,"certificates":null,"bitcoinServices":{"bitcoin":{"detected":false,"userAgent":"","prototocolVersion":0,"onionPeers":null},"bitcoin_test":{"detected":false,"userAgent":"","prototocolVersion":0,"onionPeers":null},"dogecoin":{"detected":false,"userAgent":"","prototocolVersion":0,"onionPeers":null},"litecoin":{"detected":false,"userAgent":"","prototocolVersion":0,"onionPeers":null}},"sshKey":"","sshBanner":"","ftpFingerprint":"","ftpBanner":"","smtpFingerprint":"","smtpBanner":"","lastAction":"dogecoin","timedOut":false,"error":null,"identifierReport":{"privateKeyDetected":false,"foundApacheModStatus":false,"serverVersion":"","relatedOnionServices":null,"relatedOnionDomains":null,"ipAddresses":null,"emailAddresses":null,"analyticsIDs":null,"bitcoinAddresses":["1337rpKT2FgtnbTkBGJfP7dH2Gsyprg9CW"],"linkedOnions":null,"openDirectories":null,"exifImages":null},"simpleReport":{"hiddenService":"3dq2qekopqgxf4nz.onion","risks":[{"severity":"info","title":"Found Bitcoin Addresses","description":"","fix":"","items":["1337rpKT2FgtnbTkBGJfP7dH2Gsyprg9CW"]}]}}
