{"hiddenService":"3fybqvfqxnwgyj2y.onion","dateScanned":"2019-08-30T04:29:13.834225568Z","online":false,"performedScans":["web","tls","ssh","irc","ricochet","ftp","smtp","mongodb","vnc","xmpp","bitcoin","bitcoin_test","litecoin","dogecoin"],"webDetected":true,"tlsDetected":false,"sshDetected":false,"ricochetDetected":false,"ircDetected":false,"ftpDetected":false,"smtpDetected":false,"bitcoinDetected":false,"mongodbDetected":false,"vncDetected":false,"xmppDetected":false,"skynetDetected":false,"crawls":{"http://3fybqvfqxnwgyj2y.onion/":6966318296219968089,"http://3fybqvfqxnwgyj2y.onion/private_key":7046870590956393539,"http://3fybqvfqxnwgyj2y.onion/server-status":3394124512010034441},"pgpKeys":null,"certificates":null,"bitcoinServices":{"bitcoin":{"detected":false,"userAgent":"","prototocolVersion":0,"onionPeers":null},"bitcoin_test":{"detected":false,"userAgent":"","prototocolVersion":0,"onionPeers":null},"dogecoin":{"detected":false,"userAgent":"","prototocolVersion":0,"onionPeers":null},"litecoin":{"detected":false,"userAgent":"","prototocolVersion":0,"onionPeers":null}},"sshKey":"","sshBanner":"","ftpFingerprint":"","ftpBanner":"","smtpFingerprint":"","smtpBanner":"","lastAction":"dogecoin","timedOut":false,"error":null,"identifierReport":{"privateKeyDetected":false,"foundApacheModStatus":false,"serverVersion":"","relatedOnionServices":null,"relatedOnionDomains":null,"ipAddresses":null,"emailAddresses":["3fybqvfqxnwgyj2y.onion@secmail.info"],"analyticsIDs":null,"bitcoinAddresses":null,"linkedOnions":["o2nlo5zjoxp25kfv.onion"],"openDirectories":null,"exifImages":null},"simpleReport":{"hiddenService":"3fybqvfqxnwgyj2y.onion","risks":[{"severity":"info","title":"Found Identities","description":"","fix":"","items":["3fybqvfqxnwgyj2y.onion@secmail.info"]}]}}
