{"hiddenService":"3m2pyft7fyzjqymu.onion","dateScanned":"2019-08-30T11:34:54.489825025Z","online":false,"performedScans":["web","tls","ssh","irc","ricochet","ftp","smtp","mongodb","vnc","xmpp","bitcoin","bitcoin_test","litecoin","dogecoin"],"webDetected":true,"tlsDetected":false,"sshDetected":false,"ricochetDetected":false,"ircDetected":false,"ftpDetected":false,"smtpDetected":false,"bitcoinDetected":false,"mongodbDetected":false,"vncDetected":false,"xmppDetected":false,"skynetDetected":false,"crawls":{"http://3m2pyft7fyzjqymu.onion/":812605400835266331,"http://3m2pyft7fyzjqymu.onion/misc":5394787489861110432,"http://3m2pyft7fyzjqymu.onion/misc/bm-logo.jpg":656943855161985369,"http://3m2pyft7fyzjqymu.onion/misc/bootstrap.css":6837427372398480904,"http://3m2pyft7fyzjqymu.onion/misc/captcha.php?_CAPTCHA\u0026t=0.71398000+1567164896":4102531289894268775,"http://3m2pyft7fyzjqymu.onion/misc/main.css":6301786095062432128,"http://3m2pyft7fyzjqymu.onion/misc/util.css":6308258815611996013,"http://3m2pyft7fyzjqymu.onion/private_key":5426341296224780544,"http://3m2pyft7fyzjqymu.onion/server-status":5884626098868556091},"pgpKeys":null,"certificates":null,"bitcoinServices":{"bitcoin":{"detected":false,"userAgent":"","prototocolVersion":0,"onionPeers":null},"bitcoin_test":{"detected":false,"userAgent":"","prototocolVersion":0,"onionPeers":null},"dogecoin":{"detected":false,"userAgent":"","prototocolVersion":0,"onionPeers":null},"litecoin":{"detected":false,"userAgent":"","prototocolVersion":0,"onionPeers":null}},"sshKey":"","sshBanner":"","ftpFingerprint":"","ftpBanner":"","smtpFingerprint":"","smtpBanner":"","lastAction":"dogecoin","timedOut":false,"error":null,"identifierReport":{"privateKeyDetected":false,"foundApacheModStatus":false,"serverVersion":"","relatedOnionServices":null,"relatedOnionDomains":null,"ipAddresses":null,"emailAddresses":null,"analyticsIDs":null,"bitcoinAddresses":null,"linkedOnions":["tdzn6gxqrol2zspk.onion","ds6p3fjyzqaw5ziz.onion","berlusconij6gnqp.onion","berluscqui3nj4qz.onion","mxxx62pa7ab6g4xt.onion","berlusconik2s42v.onion","f53gljhn7frv5fq3.onion","55j6kjwki4vjtmzp.onion","un3akockjbxly4nm.onion","7krwabhtye636eq3.onion","kxpn5qb3kc7dnpsm.onion","dwmaxbiun563z5x2.onion","hky3mzk3jtmd4zt4.onion","eenlakbilrpsqieh.onion","berlusconikmpmas.onion","berlusconiswn2ok.onion","6qgy2cfgc6kim3uc.onion","vnkqjwd3t34rhet7.onion","berlusconifsfwkp.onion","berlusconi5zqmng.onion"],"openDirectories":null,"exifImages":null},"simpleReport":{"hiddenService":"3m2pyft7fyzjqymu.onion","risks":null}}
