{"hiddenService":"3pc3yapw2xmsfnfx.onion","dateScanned":"2019-08-31T12:13:00.167731164Z","online":false,"performedScans":["web"],"webDetected":true,"tlsDetected":false,"sshDetected":false,"ricochetDetected":false,"ircDetected":false,"ftpDetected":false,"smtpDetected":false,"bitcoinDetected":false,"mongodbDetected":false,"vncDetected":false,"xmppDetected":false,"skynetDetected":false,"crawls":{"http://3pc3yapw2xmsfnfx.onion/":8092115713768366415,"http://3pc3yapw2xmsfnfx.onion/private_key":4430776800501445407,"http://3pc3yapw2xmsfnfx.onion/server-status":5664432361637995623},"pgpKeys":null,"certificates":null,"bitcoinServices":{},"sshKey":"","sshBanner":"","ftpFingerprint":"","ftpBanner":"","smtpFingerprint":"","smtpBanner":"","lastAction":"web","timedOut":true,"error":null,"identifierReport":{"privateKeyDetected":false,"foundApacheModStatus":false,"serverVersion":"","relatedOnionServices":null,"relatedOnionDomains":null,"ipAddresses":null,"emailAddresses":null,"analyticsIDs":null,"bitcoinAddresses":null,"linkedOnions":null,"openDirectories":null,"exifImages":null},"simpleReport":{"hiddenService":"3pc3yapw2xmsfnfx.onion","risks":null}}
