{"hiddenService":"55j6kjwki4vjtmzp.onion","dateScanned":"2019-08-30T01:56:37.782240965Z","online":false,"performedScans":["web","tls","ssh","irc","ricochet","ftp","smtp","mongodb","vnc","xmpp","bitcoin","bitcoin_test","litecoin","dogecoin"],"webDetected":true,"tlsDetected":false,"sshDetected":false,"ricochetDetected":false,"ircDetected":false,"ftpDetected":false,"smtpDetected":false,"bitcoinDetected":false,"mongodbDetected":false,"vncDetected":false,"xmppDetected":false,"skynetDetected":false,"crawls":{"http://55j6kjwki4vjtmzp.onion/":3362801550985613260,"http://55j6kjwki4vjtmzp.onion/misc":710774727864231449,"http://55j6kjwki4vjtmzp.onion/misc/bm-logo.jpg":8855412150583172051,"http://55j6kjwki4vjtmzp.onion/misc/bootstrap.css":6758487662019466430,"http://55j6kjwki4vjtmzp.onion/misc/captcha.php?_CAPTCHA\u0026t=0.02275900+1567130202":2073087652719392236,"http://55j6kjwki4vjtmzp.onion/misc/main.css":2119337585788495433,"http://55j6kjwki4vjtmzp.onion/misc/util.css":2576260314814525731,"http://55j6kjwki4vjtmzp.onion/private_key":2388939855994251144,"http://55j6kjwki4vjtmzp.onion/server-status":5582281915213180747},"pgpKeys":null,"certificates":null,"bitcoinServices":{"bitcoin":{"detected":false,"userAgent":"","prototocolVersion":0,"onionPeers":null},"bitcoin_test":{"detected":false,"userAgent":"","prototocolVersion":0,"onionPeers":null},"dogecoin":{"detected":false,"userAgent":"","prototocolVersion":0,"onionPeers":null},"litecoin":{"detected":false,"userAgent":"","prototocolVersion":0,"onionPeers":null}},"sshKey":"","sshBanner":"","ftpFingerprint":"","ftpBanner":"","smtpFingerprint":"","smtpBanner":"","lastAction":"dogecoin","timedOut":false,"error":null,"identifierReport":{"privateKeyDetected":false,"foundApacheModStatus":false,"serverVersion":"","relatedOnionServices":null,"relatedOnionDomains":null,"ipAddresses":null,"emailAddresses":null,"analyticsIDs":null,"bitcoinAddresses":null,"linkedOnions":["mxxx62pa7ab6g4xt.onion","berlusconifsfwkp.onion","f53gljhn7frv5fq3.onion","tdzn6gxqrol2zspk.onion","berlusconikmpmas.onion","vnkqjwd3t34rhet7.onion","berlusconiswn2ok.onion","6qgy2cfgc6kim3uc.onion","berlusconi5zqmng.onion","hky3mzk3jtmd4zt4.onion","eenlakbilrpsqieh.onion","ds6p3fjyzqaw5ziz.onion","7krwabhtye636eq3.onion","kxpn5qb3kc7dnpsm.onion","berluscqui3nj4qz.onion","berlusconik2s42v.onion","un3akockjbxly4nm.onion","3m2pyft7fyzjqymu.onion","berlusconij6gnqp.onion","dwmaxbiun563z5x2.onion"],"openDirectories":null,"exifImages":null},"simpleReport":{"hiddenService":"55j6kjwki4vjtmzp.onion","risks":null}}
