{"hiddenService":"6qgy2cfgc6kim3uc.onion","dateScanned":"2019-09-02T10:38:41.481687177Z","online":false,"performedScans":["web","tls","ssh","irc","ricochet","ftp","smtp","mongodb","vnc","xmpp","bitcoin","bitcoin_test","litecoin","dogecoin"],"webDetected":true,"tlsDetected":false,"sshDetected":false,"ricochetDetected":false,"ircDetected":false,"ftpDetected":false,"smtpDetected":false,"bitcoinDetected":false,"mongodbDetected":false,"vncDetected":false,"xmppDetected":false,"skynetDetected":false,"crawls":{"http://6qgy2cfgc6kim3uc.onion/":7188443654577051303,"http://6qgy2cfgc6kim3uc.onion/misc":5054755198177563314,"http://6qgy2cfgc6kim3uc.onion/misc/bm-logo.jpg":5696334474272549069,"http://6qgy2cfgc6kim3uc.onion/misc/bootstrap.css":5863930108980905170,"http://6qgy2cfgc6kim3uc.onion/misc/captcha.php?_CAPTCHA\u0026t=0.27587800+1567420724":8048277569236421815,"http://6qgy2cfgc6kim3uc.onion/misc/main.css":5898083362422953477,"http://6qgy2cfgc6kim3uc.onion/misc/util.css":3529394784513692938,"http://6qgy2cfgc6kim3uc.onion/private_key":3487231162376866442,"http://6qgy2cfgc6kim3uc.onion/server-status":6426841113883918429},"pgpKeys":null,"certificates":null,"bitcoinServices":{"bitcoin":{"detected":false,"userAgent":"","prototocolVersion":0,"onionPeers":null},"bitcoin_test":{"detected":false,"userAgent":"","prototocolVersion":0,"onionPeers":null},"dogecoin":{"detected":false,"userAgent":"","prototocolVersion":0,"onionPeers":null},"litecoin":{"detected":false,"userAgent":"","prototocolVersion":0,"onionPeers":null}},"sshKey":"","sshBanner":"","ftpFingerprint":"","ftpBanner":"","smtpFingerprint":"","smtpBanner":"","lastAction":"dogecoin","timedOut":false,"error":null,"identifierReport":{"privateKeyDetected":false,"foundApacheModStatus":false,"serverVersion":"","relatedOnionServices":null,"relatedOnionDomains":null,"ipAddresses":null,"emailAddresses":null,"analyticsIDs":null,"bitcoinAddresses":null,"linkedOnions":["dwmaxbiun563z5x2.onion","vnkqjwd3t34rhet7.onion","f53gljhn7frv5fq3.onion","eenlakbilrpsqieh.onion","ds6p3fjyzqaw5ziz.onion","3m2pyft7fyzjqymu.onion","berluscqui3nj4qz.onion","berlusconifsfwkp.onion","berlusconi5zqmng.onion","55j6kjwki4vjtmzp.onion","berlusconij6gnqp.onion","tdzn6gxqrol2zspk.onion","7krwabhtye636eq3.onion","berlusconiswn2ok.onion","mxxx62pa7ab6g4xt.onion","kxpn5qb3kc7dnpsm.onion","hky3mzk3jtmd4zt4.onion","berlusconik2s42v.onion","berlusconikmpmas.onion","un3akockjbxly4nm.onion"],"openDirectories":null,"exifImages":null},"simpleReport":{"hiddenService":"6qgy2cfgc6kim3uc.onion","risks":null}}
