{"hiddenService":"74ypjqjwf6oejmax.onion","dateScanned":"2019-08-31T02:13:36.817289496Z","online":false,"performedScans":["web","tls","ssh","irc","ricochet","ftp","smtp","mongodb","vnc","xmpp","bitcoin","bitcoin_test","litecoin","dogecoin"],"webDetected":true,"tlsDetected":false,"sshDetected":false,"ricochetDetected":false,"ircDetected":false,"ftpDetected":false,"smtpDetected":false,"bitcoinDetected":false,"mongodbDetected":false,"vncDetected":false,"xmppDetected":false,"skynetDetected":false,"crawls":{"http://74ypjqjwf6oejmax.onion/":6369786229869495056,"http://74ypjqjwf6oejmax.onion/assets":609929345477660572,"http://74ypjqjwf6oejmax.onion/assets/css":8833689755651639661,"http://74ypjqjwf6oejmax.onion/assets/css/colors.css":3779702980951926645,"http://74ypjqjwf6oejmax.onion/assets/css/fonts.css":5919657346993855913,"http://74ypjqjwf6oejmax.onion/assets/css/global.css":404908936469732974,"http://74ypjqjwf6oejmax.onion/assets/css/jquery.fancybox.css":4378287822354005251,"http://74ypjqjwf6oejmax.onion/assets/css/leaflet.css":1504092141388919674,"http://74ypjqjwf6oejmax.onion/assets/css/pygments.css":6325652504555597151,"http://74ypjqjwf6oejmax.onion/assets/images":5820406765117020037,"http://74ypjqjwf6oejmax.onion/assets/images/favicon.ico":8667594900448606351,"http://74ypjqjwf6oejmax.onion/assets/images/trips":7829079504237158316,"http://74ypjqjwf6oejmax.onion/assets/images/trips/2":1852341972226912666,"http://74ypjqjwf6oejmax.onion/assets/images/trips/2/1.jpg":7278789159274763352,"http://74ypjqjwf6oejmax.onion/assets/images/trips/2/2.jpg":3880620816720078470,"http://74ypjqjwf6oejmax.onion/assets/images/trips/2/3.jpg":4340467720075563642,"http://74ypjqjwf6oejmax.onion/assets/images/trips/2/4.jpg":2436583102153718503,"http://74ypjqjwf6oejmax.onion/assets/images/trips/2/5.jpg":2480107435868997175,"http://74ypjqjwf6oejmax.onion/assets/images/trips/2/6.jpg":6865890336506577055,"http://74ypjqjwf6oejmax.onion/assets/images/trips/2/7.jpg":8469593685003043567,"http://74ypjqjwf6oejmax.onion/assets/images/trips/2/8.jpg":4688807253173646445,"http://74ypjqjwf6oejmax.onion/assets/images/trips/9":1128709434233509383,"http://74ypjqjwf6oejmax.onion/assets/images/trips/9/1.jpg":4297583806464678144,"http://74ypjqjwf6oejmax.onion/assets/images/trips/9/2.jpg":7557894059402621777,"http://74ypjqjwf6oejmax.onion/assets/images/trips/9/3.jpg":2294853322420934409,"http://74ypjqjwf6oejmax.onion/assets/images/trips/9/4.jpg":2891655853767254737,"http://74ypjqjwf6oejmax.onion/assets/images/trips/9/5.jpg":5003607001093159625,"http://74ypjqjwf6oejmax.onion/assets/images/trips/9/6.jpg":323303887408194807,"http://74ypjqjwf6oejmax.onion/assets/images/trips/9/7.jpg":5246986884951463573,"http://74ypjqjwf6oejmax.onion/assets/images/trips/9/8.jpg":1440456655573170612,"http://74ypjqjwf6oejmax.onion/assets/images/trips/9/9.jpg":2412659134939279717,"http://74ypjqjwf6oejmax.onion/assets/js":2405795887630914957,"http://74ypjqjwf6oejmax.onion/assets/js/jquery.fancybox.js":8322630767145269832,"http://74ypjqjwf6oejmax.onion/assets/js/jquery.min.js":441001824858538668,"http://74ypjqjwf6oejmax.onion/assets/js/leaflet.js":8223322996727530095,"http://74ypjqjwf6oejmax.onion/assets/map":3947961604223352110,"http://74ypjqjwf6oejmax.onion/buildings":8678301281554544273,"http://74ypjqjwf6oejmax.onion/buildings/":1910972190073674122,"http://74ypjqjwf6oejmax.onion/buildings/dietrick_hall.html":4029462326287813745,"http://74ypjqjwf6oejmax.onion/buildings/lane_stadium.html":5107480947463743726,"http://74ypjqjwf6oejmax.onion/buildings/lee_hall.html":2343415607784368554,"http://74ypjqjwf6oejmax.onion/contact/":38093102167399965,"http://74ypjqjwf6oejmax.onion/dangers/":7701479201410826824,"http://74ypjqjwf6oejmax.onion/links":4185346303558579101,"http://74ypjqjwf6oejmax.onion/links/":3369340471356684102,"http://74ypjqjwf6oejmax.onion/links/%20":518548287005884318,"http://74ypjqjwf6oejmax.onion/links/elsewhere.html":9031745840395726335,"http://74ypjqjwf6oejmax.onion/map/":5323715978723932926,"http://74ypjqjwf6oejmax.onion/private_key":1418743708541994015,"http://74ypjqjwf6oejmax.onion/server-status":672437201761870572,"http://74ypjqjwf6oejmax.onion/triplog":4923901961160705612,"http://74ypjqjwf6oejmax.onion/triplog/":1537040880735778174,"http://74ypjqjwf6oejmax.onion/triplog/Trip-1/":6708544221172940728,"http://74ypjqjwf6oejmax.onion/triplog/Trip-2/":3134821523634057777,"http://74ypjqjwf6oejmax.onion/triplog/Trip-3/":7075033983836583483,"http://74ypjqjwf6oejmax.onion/triplog/Trip-4/":1461661633171818590,"http://74ypjqjwf6oejmax.onion/triplog/Trip-5/":8260547570737099882,"http://74ypjqjwf6oejmax.onion/triplog/Trip-6/":4034676717482967341,"http://74ypjqjwf6oejmax.onion/triplog/Trip-7/":5730625950113956391,"http://74ypjqjwf6oejmax.onion/triplog/Trip-8/":7055652620587535036,"http://74ypjqjwf6oejmax.onion/triplog/Trip-9/":4312964525189367528,"http://74ypjqjwf6oejmax.onion/triplog/feed.xml":1309035499651211584,"http://74ypjqjwf6oejmax.onion/tunnels":5984109387752439155,"http://74ypjqjwf6oejmax.onion/tunnels/":7199047582421346645,"http://74ypjqjwf6oejmax.onion/tunnels/agnew_cowgill.html":2094411158407324060,"http://74ypjqjwf6oejmax.onion/tunnels/barringer_femoyer.html":2984924954505034484,"http://74ypjqjwf6oejmax.onion/tunnels/burruss_femoyer.html":7525795410288152930,"http://74ypjqjwf6oejmax.onion/tunnels/cassell_barringer.html":2098658043719849608,"http://74ypjqjwf6oejmax.onion/tunnels/femoyer_power_plant.html":5705889692963857190,"http://74ypjqjwf6oejmax.onion/tunnels/fralin_dietrick.html":1370584467979774169,"http://74ypjqjwf6oejmax.onion/tunnels/hillcrest_agnew.html":6848853760222180722,"http://74ypjqjwf6oejmax.onion/tunnels/hillcrest_greenhouses.html":6935606086181393917,"http://74ypjqjwf6oejmax.onion/tunnels/life_sciences_bioinformatics.html":5988792962522590898,"http://74ypjqjwf6oejmax.onion/tunnels/shultz_power_plant.html":2732958254107418153},"pgpKeys":null,"certificates":null,"bitcoinServices":{"bitcoin":{"detected":false,"userAgent":"","prototocolVersion":0,"onionPeers":null},"bitcoin_test":{"detected":false,"userAgent":"","prototocolVersion":0,"onionPeers":null},"dogecoin":{"detected":false,"userAgent":"","prototocolVersion":0,"onionPeers":null},"litecoin":{"detected":false,"userAgent":"","prototocolVersion":0,"onionPeers":null}},"sshKey":"","sshBanner":"","ftpFingerprint":"","ftpBanner":"","smtpFingerprint":"","smtpBanner":"","lastAction":"dogecoin","timedOut":false,"error":null,"identifierReport":{"privateKeyDetected":false,"foundApacheModStatus":false,"serverVersion":"","relatedOnionServices":null,"relatedOnionDomains":null,"ipAddresses":null,"emailAddresses":null,"analyticsIDs":null,"bitcoinAddresses":null,"linkedOnions":null,"openDirectories":null,"exifImages":null},"simpleReport":{"hiddenService":"74ypjqjwf6oejmax.onion","risks":null}}
