{"hiddenService":"7krwabhtye636eq3.onion","dateScanned":"2019-08-30T04:13:43.748895477Z","online":false,"performedScans":["web","tls","ssh","irc","ricochet","ftp","smtp","mongodb","vnc","xmpp","bitcoin","bitcoin_test","litecoin","dogecoin"],"webDetected":true,"tlsDetected":false,"sshDetected":false,"ricochetDetected":false,"ircDetected":false,"ftpDetected":false,"smtpDetected":false,"bitcoinDetected":false,"mongodbDetected":false,"vncDetected":false,"xmppDetected":false,"skynetDetected":false,"crawls":{"http://7krwabhtye636eq3.onion/":4763698898274415844,"http://7krwabhtye636eq3.onion/misc":8346244160168350243,"http://7krwabhtye636eq3.onion/misc/bm-logo.jpg":1816230719082157058,"http://7krwabhtye636eq3.onion/misc/bootstrap.css":1799402233952927068,"http://7krwabhtye636eq3.onion/misc/captcha.php?_CAPTCHA\u0026t=0.78538600+1567138425":4968118226820346933,"http://7krwabhtye636eq3.onion/misc/main.css":7998733023501848420,"http://7krwabhtye636eq3.onion/misc/util.css":3149096519737687850,"http://7krwabhtye636eq3.onion/private_key":6421576933074586869,"http://7krwabhtye636eq3.onion/server-status":6293783757578391096},"pgpKeys":null,"certificates":null,"bitcoinServices":{"bitcoin":{"detected":false,"userAgent":"","prototocolVersion":0,"onionPeers":null},"bitcoin_test":{"detected":false,"userAgent":"","prototocolVersion":0,"onionPeers":null},"dogecoin":{"detected":false,"userAgent":"","prototocolVersion":0,"onionPeers":null},"litecoin":{"detected":false,"userAgent":"","prototocolVersion":0,"onionPeers":null}},"sshKey":"","sshBanner":"","ftpFingerprint":"","ftpBanner":"","smtpFingerprint":"","smtpBanner":"","lastAction":"dogecoin","timedOut":false,"error":null,"identifierReport":{"privateKeyDetected":false,"foundApacheModStatus":false,"serverVersion":"","relatedOnionServices":null,"relatedOnionDomains":null,"ipAddresses":null,"emailAddresses":null,"analyticsIDs":null,"bitcoinAddresses":null,"linkedOnions":["berlusconi5zqmng.onion","55j6kjwki4vjtmzp.onion","tdzn6gxqrol2zspk.onion","berlusconikmpmas.onion","un3akockjbxly4nm.onion","6qgy2cfgc6kim3uc.onion","berlusconifsfwkp.onion","kxpn5qb3kc7dnpsm.onion","berlusconiswn2ok.onion","3m2pyft7fyzjqymu.onion","f53gljhn7frv5fq3.onion","berlusconik2s42v.onion","ds6p3fjyzqaw5ziz.onion","vnkqjwd3t34rhet7.onion","hky3mzk3jtmd4zt4.onion","berlusconij6gnqp.onion","berluscqui3nj4qz.onion","dwmaxbiun563z5x2.onion","mxxx62pa7ab6g4xt.onion","eenlakbilrpsqieh.onion"],"openDirectories":null,"exifImages":null},"simpleReport":{"hiddenService":"7krwabhtye636eq3.onion","risks":null}}
