{"hiddenService":"a7pia44wy53xj4b2.onion","dateScanned":"2019-08-31T02:39:26.959048236Z","online":false,"performedScans":["web","tls","ssh","irc","ricochet","ftp","smtp","mongodb","vnc","xmpp","bitcoin","bitcoin_test","litecoin","dogecoin"],"webDetected":true,"tlsDetected":false,"sshDetected":false,"ricochetDetected":false,"ircDetected":false,"ftpDetected":false,"smtpDetected":false,"bitcoinDetected":false,"mongodbDetected":false,"vncDetected":false,"xmppDetected":false,"skynetDetected":false,"crawls":{"http://a7pia44wy53xj4b2.onion/":1003330722703947535,"http://a7pia44wy53xj4b2.onion/css":998818189745885902,"http://a7pia44wy53xj4b2.onion/css/app.css":160375100412381916,"http://a7pia44wy53xj4b2.onion/forgotpassword":4418258790376800942,"http://a7pia44wy53xj4b2.onion/images":5489383498196594181,"http://a7pia44wy53xj4b2.onion/images/genesislogo.png":8971936046129337639,"http://a7pia44wy53xj4b2.onion/images/genesislogolarge.png":3129536703546537325,"http://a7pia44wy53xj4b2.onion/images/oie_png.png":1515704914099639300,"http://a7pia44wy53xj4b2.onion/private_key":5355002982430497526,"http://a7pia44wy53xj4b2.onion/server-status":8105765532348712241,"http://a7pia44wy53xj4b2.onion/signin":1407106062851908879,"http://a7pia44wy53xj4b2.onion/signup":8493320911549124283},"pgpKeys":null,"certificates":null,"bitcoinServices":{"bitcoin":{"detected":false,"userAgent":"","prototocolVersion":0,"onionPeers":null},"bitcoin_test":{"detected":false,"userAgent":"","prototocolVersion":0,"onionPeers":null},"dogecoin":{"detected":false,"userAgent":"","prototocolVersion":0,"onionPeers":null},"litecoin":{"detected":false,"userAgent":"","prototocolVersion":0,"onionPeers":null}},"sshKey":"","sshBanner":"","ftpFingerprint":"","ftpBanner":"","smtpFingerprint":"","smtpBanner":"","lastAction":"dogecoin","timedOut":false,"error":null,"identifierReport":{"privateKeyDetected":false,"foundApacheModStatus":false,"serverVersion":"","relatedOnionServices":null,"relatedOnionDomains":null,"ipAddresses":null,"emailAddresses":null,"analyticsIDs":null,"bitcoinAddresses":null,"linkedOnions":["nd7r6w3hy4acgmqe.onion","otq5ba7lrjifnsbh.onion","3rmybxbtkb5txmqv.onion","iurnxnnbn75fonho.onion","zkseazrr5ahabwid.onion","duuoaqwcbdcqa4sz.onion","v6xs4vtjh5tp4b4b.onion","32zvohcmpepdgg6l.onion","x5ylylnoftkolawu.onion","ybyikkew5ixmh62o.onion","mdwqrd7zttamnbaq.onion","etvywwhzyzcfe3tl.onion","tgncgif77yxz3b75.onion","z356eqgtwptynqpg.onion","vntmi42a3oragmh3.onion","2ygmyhpyg2gws3eb.onion","n6prwvhrxlyhc3j2.onion","oamlbqhnd5rozdg5.onion","kfgi5xc42pu5qaen.onion"],"openDirectories":null,"exifImages":null},"simpleReport":{"hiddenService":"a7pia44wy53xj4b2.onion","risks":null}}
