{"hiddenService":"agarthaangodtcz3.onion","dateScanned":"2019-08-30T23:48:55.99203031Z","online":false,"performedScans":["web","tls","ssh","irc","ricochet","ftp","smtp","mongodb","vnc","xmpp","bitcoin","bitcoin_test","litecoin","dogecoin"],"webDetected":true,"tlsDetected":false,"sshDetected":false,"ricochetDetected":false,"ircDetected":false,"ftpDetected":false,"smtpDetected":false,"bitcoinDetected":false,"mongodbDetected":false,"vncDetected":false,"xmppDetected":false,"skynetDetected":false,"crawls":{"http://agarthaangodtcz3.onion/":8290740994141996931,"http://agarthaangodtcz3.onion/assets":8981632818216541118,"http://agarthaangodtcz3.onion/assets/ag.css":1102502204966510604,"http://agarthaangodtcz3.onion/assets/images":1774115268496273134,"http://agarthaangodtcz3.onion/assets/images/agbg3.jpg":1192215318985247017,"http://agarthaangodtcz3.onion/help":5942084956818159879,"http://agarthaangodtcz3.onion/login":9070153384684259160,"http://agarthaangodtcz3.onion/private_key":964602485092321362,"http://agarthaangodtcz3.onion/pwreset":1883063353426933757,"http://agarthaangodtcz3.onion/register":6952925118153296775,"http://agarthaangodtcz3.onion/server-status":3103986200009219163},"pgpKeys":null,"certificates":null,"bitcoinServices":{"bitcoin":{"detected":false,"userAgent":"","prototocolVersion":0,"onionPeers":null},"bitcoin_test":{"detected":false,"userAgent":"","prototocolVersion":0,"onionPeers":null},"dogecoin":{"detected":false,"userAgent":"","prototocolVersion":0,"onionPeers":null},"litecoin":{"detected":false,"userAgent":"","prototocolVersion":0,"onionPeers":null}},"sshKey":"","sshBanner":"","ftpFingerprint":"","ftpBanner":"","smtpFingerprint":"","smtpBanner":"","lastAction":"dogecoin","timedOut":false,"error":null,"identifierReport":{"privateKeyDetected":false,"foundApacheModStatus":false,"serverVersion":"","relatedOnionServices":null,"relatedOnionDomains":null,"ipAddresses":null,"emailAddresses":null,"analyticsIDs":null,"bitcoinAddresses":null,"linkedOnions":["agartha2oooh2cxa.onion","agarthaourmnyhq3.onion","agarthafcidkiwas.onion","ef7q2adepbbfetyd.onion","tslddnhckvg7nbid.onion","6vrl7duwws2s73id.onion","u2qijowrc7wh65id.onion","uwz3sxqxkeddplad.onion","yyhahe5rthnbw2id.onion","agarthazdeeoph2a.onion","agarthasicurl56p.onion","agarthafw2cock27.onion","agarthaozozhidet.onion","lntvstjgjjb2lhad.onion","agarthaxlaxdobaa.onion","agarthacmuuguyas.onion","7oyqqfdf2yzstzad.onion","fok3xghgx3mjxzid.onion"],"openDirectories":null,"exifImages":null},"simpleReport":{"hiddenService":"agarthaangodtcz3.onion","risks":null}}
