{"hiddenService":"agarthaxlaxdobaa.onion","dateScanned":"2019-08-30T23:23:05.847433935Z","online":false,"performedScans":["web","tls","ssh","irc","ricochet","ftp","smtp","mongodb","vnc","xmpp","bitcoin","bitcoin_test","litecoin","dogecoin"],"webDetected":true,"tlsDetected":false,"sshDetected":false,"ricochetDetected":false,"ircDetected":false,"ftpDetected":false,"smtpDetected":false,"bitcoinDetected":false,"mongodbDetected":false,"vncDetected":false,"xmppDetected":false,"skynetDetected":false,"crawls":{"http://agarthaxlaxdobaa.onion/":1863796767436174907,"http://agarthaxlaxdobaa.onion/assets":4452588915540307414,"http://agarthaxlaxdobaa.onion/assets/ag.css":3036766699888957190,"http://agarthaxlaxdobaa.onion/assets/images":4623875653580561972,"http://agarthaxlaxdobaa.onion/assets/images/agbg3.jpg":5430872263053234603,"http://agarthaxlaxdobaa.onion/help":1000419896258809414,"http://agarthaxlaxdobaa.onion/login":671498175645234096,"http://agarthaxlaxdobaa.onion/private_key":6846364529962601660,"http://agarthaxlaxdobaa.onion/pwreset":459505853181277185,"http://agarthaxlaxdobaa.onion/register":6014325203344030852,"http://agarthaxlaxdobaa.onion/server-status":6970049539887733342},"pgpKeys":null,"certificates":null,"bitcoinServices":{"bitcoin":{"detected":false,"userAgent":"","prototocolVersion":0,"onionPeers":null},"bitcoin_test":{"detected":false,"userAgent":"","prototocolVersion":0,"onionPeers":null},"dogecoin":{"detected":false,"userAgent":"","prototocolVersion":0,"onionPeers":null},"litecoin":{"detected":false,"userAgent":"","prototocolVersion":0,"onionPeers":null}},"sshKey":"","sshBanner":"","ftpFingerprint":"","ftpBanner":"","smtpFingerprint":"","smtpBanner":"","lastAction":"dogecoin","timedOut":false,"error":null,"identifierReport":{"privateKeyDetected":false,"foundApacheModStatus":false,"serverVersion":"","relatedOnionServices":null,"relatedOnionDomains":null,"ipAddresses":null,"emailAddresses":null,"analyticsIDs":null,"bitcoinAddresses":null,"linkedOnions":["agarthazdeeoph2a.onion","agarthaangodtcz3.onion","agarthaozozhidet.onion","7oyqqfdf2yzstzad.onion","agarthafcidkiwas.onion","agarthasicurl56p.onion","agarthafw2cock27.onion","ef7q2adepbbfetyd.onion","u2qijowrc7wh65id.onion","6vrl7duwws2s73id.onion","yyhahe5rthnbw2id.onion","agartha2oooh2cxa.onion","lntvstjgjjb2lhad.onion","agarthaourmnyhq3.onion","agarthacmuuguyas.onion","tslddnhckvg7nbid.onion","fok3xghgx3mjxzid.onion","uwz3sxqxkeddplad.onion"],"openDirectories":null,"exifImages":null},"simpleReport":{"hiddenService":"agarthaxlaxdobaa.onion","risks":null}}
