{"hiddenService":"agarthazdeeoph2a.onion","dateScanned":"2019-08-31T07:59:48.774493406Z","online":false,"performedScans":["web","tls","ssh","irc","ricochet","ftp","smtp","mongodb","vnc","xmpp","bitcoin","bitcoin_test","litecoin","dogecoin"],"webDetected":true,"tlsDetected":false,"sshDetected":false,"ricochetDetected":false,"ircDetected":false,"ftpDetected":false,"smtpDetected":false,"bitcoinDetected":false,"mongodbDetected":false,"vncDetected":false,"xmppDetected":false,"skynetDetected":false,"crawls":{"http://agarthazdeeoph2a.onion/":8882672757427941087,"http://agarthazdeeoph2a.onion/assets":516599599310660623,"http://agarthazdeeoph2a.onion/assets/ag.css":9002081758231219933,"http://agarthazdeeoph2a.onion/assets/images":8200284295259624003,"http://agarthazdeeoph2a.onion/assets/images/agbg3.jpg":484685709509501067,"http://agarthazdeeoph2a.onion/help":4097495427367152836,"http://agarthazdeeoph2a.onion/login":4340893357416595718,"http://agarthazdeeoph2a.onion/private_key":8979999404307248746,"http://agarthazdeeoph2a.onion/pwreset":6663021520201994576,"http://agarthazdeeoph2a.onion/register":1786589100862263829,"http://agarthazdeeoph2a.onion/server-status":4049457723650967845},"pgpKeys":null,"certificates":null,"bitcoinServices":{"bitcoin":{"detected":false,"userAgent":"","prototocolVersion":0,"onionPeers":null},"bitcoin_test":{"detected":false,"userAgent":"","prototocolVersion":0,"onionPeers":null},"dogecoin":{"detected":false,"userAgent":"","prototocolVersion":0,"onionPeers":null},"litecoin":{"detected":false,"userAgent":"","prototocolVersion":0,"onionPeers":null}},"sshKey":"","sshBanner":"","ftpFingerprint":"","ftpBanner":"","smtpFingerprint":"","smtpBanner":"","lastAction":"dogecoin","timedOut":false,"error":null,"identifierReport":{"privateKeyDetected":false,"foundApacheModStatus":false,"serverVersion":"","relatedOnionServices":null,"relatedOnionDomains":null,"ipAddresses":null,"emailAddresses":null,"analyticsIDs":null,"bitcoinAddresses":null,"linkedOnions":["agartha2oooh2cxa.onion","agarthaourmnyhq3.onion","uwz3sxqxkeddplad.onion","agarthasicurl56p.onion","agarthaangodtcz3.onion","agarthafw2cock27.onion","lntvstjgjjb2lhad.onion","tslddnhckvg7nbid.onion","yyhahe5rthnbw2id.onion","agarthafcidkiwas.onion","agarthacmuuguyas.onion","agarthaozozhidet.onion","u2qijowrc7wh65id.onion","fok3xghgx3mjxzid.onion","6vrl7duwws2s73id.onion","agarthaxlaxdobaa.onion","7oyqqfdf2yzstzad.onion","ef7q2adepbbfetyd.onion"],"openDirectories":null,"exifImages":null},"simpleReport":{"hiddenService":"agarthazdeeoph2a.onion","risks":null}}
