{"hiddenService":"agarthafw2cock27.onion","dateScanned":"2019-08-31T14:22:10.894609776Z","online":false,"performedScans":["web","tls","ssh","irc","ricochet","ftp","smtp","mongodb","vnc","xmpp","bitcoin","bitcoin_test","litecoin","dogecoin"],"webDetected":true,"tlsDetected":false,"sshDetected":false,"ricochetDetected":false,"ircDetected":false,"ftpDetected":false,"smtpDetected":false,"bitcoinDetected":false,"mongodbDetected":false,"vncDetected":false,"xmppDetected":false,"skynetDetected":false,"crawls":{"http://agarthafw2cock27.onion/":6244004660061738429,"http://agarthafw2cock27.onion/assets":8417404138752837212,"http://agarthafw2cock27.onion/assets/ag.css":4016934839450893251,"http://agarthafw2cock27.onion/assets/images":5515381032011898243,"http://agarthafw2cock27.onion/assets/images/agbg3.jpg":7767201360823954078,"http://agarthafw2cock27.onion/help":5258787730601989485,"http://agarthafw2cock27.onion/login":563909229963148072,"http://agarthafw2cock27.onion/private_key":2887977526080560416,"http://agarthafw2cock27.onion/pwreset":1450782182937965068,"http://agarthafw2cock27.onion/register":4976241999477068338,"http://agarthafw2cock27.onion/server-status":5476388023623288047},"pgpKeys":null,"certificates":null,"bitcoinServices":{"bitcoin":{"detected":false,"userAgent":"","prototocolVersion":0,"onionPeers":null},"bitcoin_test":{"detected":false,"userAgent":"","prototocolVersion":0,"onionPeers":null},"dogecoin":{"detected":false,"userAgent":"","prototocolVersion":0,"onionPeers":null},"litecoin":{"detected":false,"userAgent":"","prototocolVersion":0,"onionPeers":null}},"sshKey":"","sshBanner":"","ftpFingerprint":"","ftpBanner":"","smtpFingerprint":"","smtpBanner":"","lastAction":"dogecoin","timedOut":false,"error":null,"identifierReport":{"privateKeyDetected":false,"foundApacheModStatus":false,"serverVersion":"","relatedOnionServices":null,"relatedOnionDomains":null,"ipAddresses":null,"emailAddresses":null,"analyticsIDs":null,"bitcoinAddresses":null,"linkedOnions":["agarthaxlaxdobaa.onion","agarthacmuuguyas.onion","ef7q2adepbbfetyd.onion","fok3xghgx3mjxzid.onion","agarthaourmnyhq3.onion","agarthasicurl56p.onion","tslddnhckvg7nbid.onion","u2qijowrc7wh65id.onion","uwz3sxqxkeddplad.onion","7oyqqfdf2yzstzad.onion","lntvstjgjjb2lhad.onion","6vrl7duwws2s73id.onion","yyhahe5rthnbw2id.onion","agarthazdeeoph2a.onion","agarthaangodtcz3.onion","agarthaozozhidet.onion","agartha2oooh2cxa.onion","agarthafcidkiwas.onion"],"openDirectories":null,"exifImages":null},"simpleReport":{"hiddenService":"agarthafw2cock27.onion","risks":null}}
