{"hiddenService":"agarthaourmnyhq3.onion","dateScanned":"2019-08-31T01:11:36.462132816Z","online":false,"performedScans":["web","tls","ssh","irc","ricochet","ftp","smtp","mongodb","vnc","xmpp","bitcoin","bitcoin_test","litecoin","dogecoin"],"webDetected":true,"tlsDetected":false,"sshDetected":false,"ricochetDetected":false,"ircDetected":false,"ftpDetected":false,"smtpDetected":false,"bitcoinDetected":false,"mongodbDetected":false,"vncDetected":false,"xmppDetected":false,"skynetDetected":false,"crawls":{"http://agarthaourmnyhq3.onion/":6060671994537872797,"http://agarthaourmnyhq3.onion/assets":4109037430100477249,"http://agarthaourmnyhq3.onion/assets/ag.css":1371227476103739969,"http://agarthaourmnyhq3.onion/assets/images":8450053975342777533,"http://agarthaourmnyhq3.onion/assets/images/agbg3.jpg":6263319733084890906,"http://agarthaourmnyhq3.onion/help":638564731737414328,"http://agarthaourmnyhq3.onion/login":6752153702509533189,"http://agarthaourmnyhq3.onion/private_key":4622327297398370062,"http://agarthaourmnyhq3.onion/pwreset":2145000609356268409,"http://agarthaourmnyhq3.onion/register":4349058995562214068,"http://agarthaourmnyhq3.onion/server-status":3726442055264942387},"pgpKeys":null,"certificates":null,"bitcoinServices":{"bitcoin":{"detected":false,"userAgent":"","prototocolVersion":0,"onionPeers":null},"bitcoin_test":{"detected":false,"userAgent":"","prototocolVersion":0,"onionPeers":null},"dogecoin":{"detected":false,"userAgent":"","prototocolVersion":0,"onionPeers":null},"litecoin":{"detected":false,"userAgent":"","prototocolVersion":0,"onionPeers":null}},"sshKey":"","sshBanner":"","ftpFingerprint":"","ftpBanner":"","smtpFingerprint":"","smtpBanner":"","lastAction":"dogecoin","timedOut":false,"error":null,"identifierReport":{"privateKeyDetected":false,"foundApacheModStatus":false,"serverVersion":"","relatedOnionServices":null,"relatedOnionDomains":null,"ipAddresses":null,"emailAddresses":null,"analyticsIDs":null,"bitcoinAddresses":null,"linkedOnions":["agarthazdeeoph2a.onion","agarthaangodtcz3.onion","agarthafw2cock27.onion","fok3xghgx3mjxzid.onion","yyhahe5rthnbw2id.onion","tslddnhckvg7nbid.onion","ef7q2adepbbfetyd.onion","uwz3sxqxkeddplad.onion","agarthafcidkiwas.onion","agarthasicurl56p.onion","7oyqqfdf2yzstzad.onion","lntvstjgjjb2lhad.onion","u2qijowrc7wh65id.onion","6vrl7duwws2s73id.onion","agartha2oooh2cxa.onion","agarthaxlaxdobaa.onion","agarthacmuuguyas.onion","agarthaozozhidet.onion"],"openDirectories":null,"exifImages":null},"simpleReport":{"hiddenService":"agarthaourmnyhq3.onion","risks":null}}
