{"hiddenService":"agarthafcidkiwas.onion","dateScanned":"2019-08-31T00:50:56.343167147Z","online":false,"performedScans":["web","tls","ssh","irc","ricochet","ftp","smtp","mongodb","vnc","xmpp","bitcoin","bitcoin_test","litecoin","dogecoin"],"webDetected":true,"tlsDetected":false,"sshDetected":false,"ricochetDetected":false,"ircDetected":false,"ftpDetected":false,"smtpDetected":false,"bitcoinDetected":false,"mongodbDetected":false,"vncDetected":false,"xmppDetected":false,"skynetDetected":false,"crawls":{"http://agarthafcidkiwas.onion/":3106020946633290072,"http://agarthafcidkiwas.onion/assets":2173690193103540496,"http://agarthafcidkiwas.onion/assets/ag.css":6695625030340895507,"http://agarthafcidkiwas.onion/assets/images":4577057805860295393,"http://agarthafcidkiwas.onion/assets/images/agbg3.jpg":8928136874125862152,"http://agarthafcidkiwas.onion/help":1793333322672929616,"http://agarthafcidkiwas.onion/login":979999801816870111,"http://agarthafcidkiwas.onion/private_key":2659592430372359042,"http://agarthafcidkiwas.onion/pwreset":3921669600003244998,"http://agarthafcidkiwas.onion/register":7397822669538754799,"http://agarthafcidkiwas.onion/server-status":5767623091134427970},"pgpKeys":null,"certificates":null,"bitcoinServices":{"bitcoin":{"detected":false,"userAgent":"","prototocolVersion":0,"onionPeers":null},"bitcoin_test":{"detected":false,"userAgent":"","prototocolVersion":0,"onionPeers":null},"dogecoin":{"detected":false,"userAgent":"","prototocolVersion":0,"onionPeers":null},"litecoin":{"detected":false,"userAgent":"","prototocolVersion":0,"onionPeers":null}},"sshKey":"","sshBanner":"","ftpFingerprint":"","ftpBanner":"","smtpFingerprint":"","smtpBanner":"","lastAction":"dogecoin","timedOut":false,"error":null,"identifierReport":{"privateKeyDetected":false,"foundApacheModStatus":false,"serverVersion":"","relatedOnionServices":null,"relatedOnionDomains":null,"ipAddresses":null,"emailAddresses":null,"analyticsIDs":null,"bitcoinAddresses":null,"linkedOnions":["agarthafw2cock27.onion","agarthaxlaxdobaa.onion","lntvstjgjjb2lhad.onion","tslddnhckvg7nbid.onion","uwz3sxqxkeddplad.onion","agarthaourmnyhq3.onion","agarthacmuuguyas.onion","agarthaozozhidet.onion","agartha2oooh2cxa.onion","agarthaangodtcz3.onion","ef7q2adepbbfetyd.onion","fok3xghgx3mjxzid.onion","yyhahe5rthnbw2id.onion","agarthazdeeoph2a.onion","agarthasicurl56p.onion","7oyqqfdf2yzstzad.onion","u2qijowrc7wh65id.onion","6vrl7duwws2s73id.onion"],"openDirectories":null,"exifImages":null},"simpleReport":{"hiddenService":"agarthafcidkiwas.onion","risks":null}}
