{"hiddenService":"apbv6itrkcr7k3ny.onion","dateScanned":"2019-08-31T16:57:46.707152144Z","online":false,"performedScans":["web","tls","ssh","irc","ricochet","ftp","smtp","mongodb","vnc","xmpp","bitcoin","bitcoin_test","litecoin","dogecoin"],"webDetected":true,"tlsDetected":false,"sshDetected":false,"ricochetDetected":false,"ircDetected":false,"ftpDetected":false,"smtpDetected":false,"bitcoinDetected":false,"mongodbDetected":false,"vncDetected":false,"xmppDetected":false,"skynetDetected":false,"crawls":{"http://apbv6itrkcr7k3ny.onion/":543468450310177192,"http://apbv6itrkcr7k3ny.onion/En/":2311317177384422914,"http://apbv6itrkcr7k3ny.onion/Es/":8023129010626819769,"http://apbv6itrkcr7k3ny.onion/Gr/":1053251120861218201,"http://apbv6itrkcr7k3ny.onion/L1NK5.html":8954509318318679804,"http://apbv6itrkcr7k3ny.onion/Rs/":6440257648946217104,"http://apbv6itrkcr7k3ny.onion/css":1386517767184376108,"http://apbv6itrkcr7k3ny.onion/css/default.css":5909200896664838659,"http://apbv6itrkcr7k3ny.onion/css/style.css":7122009196597436560,"http://apbv6itrkcr7k3ny.onion/default.css":2995328481400578183,"http://apbv6itrkcr7k3ny.onion/find/":257330447043750496,"http://apbv6itrkcr7k3ny.onion/index.html":7096924620117333843,"http://apbv6itrkcr7k3ny.onion/linksv1":8733671163353940146,"http://apbv6itrkcr7k3ny.onion/mdcrack":7233598455443088106,"http://apbv6itrkcr7k3ny.onion/pgp.txt":6676157290250639328,"http://apbv6itrkcr7k3ny.onion/private_key":7089159385376270558,"http://apbv6itrkcr7k3ny.onion/pt-br/":5069870381041358479,"http://apbv6itrkcr7k3ny.onion/search.php":8958571949585939334,"http://apbv6itrkcr7k3ny.onion/server-status":1861367947623231487},"pgpKeys":null,"certificates":null,"bitcoinServices":{"bitcoin":{"detected":false,"userAgent":"","prototocolVersion":0,"onionPeers":null},"bitcoin_test":{"detected":false,"userAgent":"","prototocolVersion":0,"onionPeers":null},"dogecoin":{"detected":false,"userAgent":"","prototocolVersion":0,"onionPeers":null},"litecoin":{"detected":false,"userAgent":"","prototocolVersion":0,"onionPeers":null}},"sshKey":"","sshBanner":"","ftpFingerprint":"","ftpBanner":"","smtpFingerprint":"","smtpBanner":"","lastAction":"dogecoin","timedOut":false,"error":null,"identifierReport":{"privateKeyDetected":false,"foundApacheModStatus":false,"serverVersion":"","relatedOnionServices":null,"relatedOnionDomains":null,"ipAddresses":null,"emailAddresses":null,"analyticsIDs":null,"bitcoinAddresses":null,"linkedOnions":["5gppqkpx6jxgpuuu.onion","nethack3dzllmbmo.onion","deeplinkdeatbml7.onion","ihrbluuuckd2xsad.onion","ifncqdnbx6movryd.onion","papyrefb2tdk6czd.onion","costeirazb2xecgs.onion","axcdo2zaeyrpdc6z.onion","4sy6ebszykvcv2n6.onion","pcqoc4e4ahima5id.onion","binario5yvaed5ie.onion","ckjp7bxmho6no3gw.onion","torpress2sarn7xw.onion","3g2upl4pq6kufc4m.onion","2ooosblmcnaqvmju.onion","anon4jmy3f3ozlv6.onion","kpvz7ki2lzvnwve7.onion","torbox3uiot6wchz.onion","lv56nirbzf5uppad.onion","ewokqwbnd3wrnbxg.onion","drugclub5pzfqkk4.onion","www.grrmailb3fxpjbwm.onion","c7m3m7xpormuwvid.onion","xilliayhoiuv5qmk.onion","notoriedadefeminista.torpress2sarn7xw.onion","cp5ju2qrbfrwz4z4.onion","mdj7ldtgoq22m3hi.onion","wagzpur2lt6ynegk.onion","uphnm2dgilz4dysl.onion","autinv5q6en4gpf4.onion","ohdujsx6d3m22fzn.onion","3pc3yapw2xmsfnfx.onion","222222222c7r2gdj.onion","xorgateka6obqneh.onion","v4gn2k725iokfu4u.onion","gjobqjj7wyczbqie.onion","lfbg75wjgi4nzdio.onion","bithxedusrw236ji.onion","wlqemeooh2epuo2d.onion","fzkj6aco2loauhul.onion","pyl7a4ccwgpxm6rd.onion","igdnewsdjfmg7kxu.onion","e7luprqb4nhcgyfk.onion","digitk5khbmoayhm.onion","cripticavraowaqb.onion","n32ny43bq4jychqo.onion","h3lrzhll56g7smk7.onion","w7ehkkt2uuxy77bi.onion","papersqqyihp5b6u.onion","46vnnzhzwdvfe774.onion","drystagepmi5msdm.onion","bylu6d6nx3og7shy.onion","dtnfqdwghaenxemq.onion","hackerp6via6npvw.onion","asc3mgbp7qmsjx2v.onion","vrimutd6so6a565x.onion","pdzdg7cbqal33ns6.onion","n7a5rsk7ktf4xc5s.onion","hpysrwnlmylhsxkd.onion","unjbp67usmi27d3t.onion","cyberjt6g3lmbrw5.onion","qzfrec5ubupvtpid.onion","qhd6aon2fyjjan4e.onion","jgyujfb2olkozxgp.onion","popfilesxuru7lsr.onion","connectkjsazkwud.onion","castorz2lijmrc5f.onion","2x6rzvgatbcev7cy.onion","iikbmpwhwbbusn23.onion","b2fxrnttdue72ntq.onion","3kyfs67npblqmxua.onion","hss3uro2hsxfogfq.onion","uj3wazyk5u4hnvtk.onion","qubesosmamapaxpa.onion","doxbinjs77uawbbl.onion","grrmailb3fxpjbwm.onion","antiscambrasil.torpress2sarn7xw.onion","mail2tor2zyjdctd.onion","zerobinqmdqd236y.onion","atlayofke5rqhsma.onion","jwrapemh6myvp76t.onion","s35xfhimyrnllgzs.onion","nagiouwuhbvzt5qd.onion","3xdvknchriugpjjh.onion","5jp7xtmox6jyoqd5.onion","antifa.torpress2sarn7xw.onion","dovooepjluycxo5r.onion","cubanosy4g7qdiog.onion","s6cco2jylmxqcdeh.onion","jrz524vll72f4ljr.onion","w363zoq3ylux5rf5.onion","pnxauh22krzb5xso.onion","dashorg64cjvj4s3.onion","visitorfi5kl7q7i.onion","torhooh46e624k5y.onion","mc6nld3smffo3vgm.onion","niggervteelq47id.onion","bmgat22luzd4z2id.onion","z7zbg7sxhxfergpo.onion","ayp3gd4pm4qduff3.onion","fsocie3diwtymprg.onion","32rl3apbpon6mfyd.onion","bpo4ybbs2apk4sk4.onion","qrjy2nhjdbzdprbq.onion","hnczinok362qfrqd.onion","multivpnwbercchz.onion","goblin2xsbqonuv5.onion","264nglqbtqlabsxl.onion","djnt3b26olqdlaj7.onion","ac6kzts6mauq2gfs.onion"],"openDirectories":null,"exifImages":null},"simpleReport":{"hiddenService":"apbv6itrkcr7k3ny.onion","risks":null}}
