{"hiddenService":"apollonxilywevef.onion","dateScanned":"2019-08-30T02:16:01.965573573Z","online":false,"performedScans":["web","tls","ssh","irc","ricochet","ftp","smtp","mongodb","vnc","xmpp","bitcoin","bitcoin_test","litecoin","dogecoin"],"webDetected":true,"tlsDetected":false,"sshDetected":false,"ricochetDetected":false,"ircDetected":false,"ftpDetected":false,"smtpDetected":false,"bitcoinDetected":false,"mongodbDetected":false,"vncDetected":false,"xmppDetected":false,"skynetDetected":false,"crawls":{"http://apollonxilywevef.onion/":648657263866250028,"http://apollonxilywevef.onion/cap":1494142543117994632,"http://apollonxilywevef.onion/cap/capshow.php":4556229572649481287,"http://apollonxilywevef.onion/dist":1783475573555994994,"http://apollonxilywevef.onion/dist/css":99383729197351015,"http://apollonxilywevef.onion/dist/css/rs7exe7.css":1263058018600970941,"http://apollonxilywevef.onion/dist/css/rs7exe7.min.css":6315457363247551767,"http://apollonxilywevef.onion/favicon.ico":7835494139573801954,"http://apollonxilywevef.onion/forgotpass.php":4001499333483812910,"http://apollonxilywevef.onion/login.php":700222533112565615,"http://apollonxilywevef.onion/private_key":5725436310602452017,"http://apollonxilywevef.onion/register.php":395401005387090642,"http://apollonxilywevef.onion/server-status":5266049051873880159,"http://apollonxilywevef.onion/sidebar.png":5090938503909090482,"http://apollonxilywevef.onion/support.php":4414120360054254969},"pgpKeys":null,"certificates":null,"bitcoinServices":{"bitcoin":{"detected":false,"userAgent":"","prototocolVersion":0,"onionPeers":null},"bitcoin_test":{"detected":false,"userAgent":"","prototocolVersion":0,"onionPeers":null},"dogecoin":{"detected":false,"userAgent":"","prototocolVersion":0,"onionPeers":null},"litecoin":{"detected":false,"userAgent":"","prototocolVersion":0,"onionPeers":null}},"sshKey":"","sshBanner":"","ftpFingerprint":"","ftpBanner":"","smtpFingerprint":"","smtpBanner":"","lastAction":"dogecoin","timedOut":false,"error":null,"identifierReport":{"privateKeyDetected":false,"foundApacheModStatus":false,"serverVersion":"","relatedOnionServices":null,"relatedOnionDomains":null,"ipAddresses":null,"emailAddresses":null,"analyticsIDs":null,"bitcoinAddresses":null,"linkedOnions":["apollionmy7q52qc.onion","raptortiabg7uyez.onion","dreadditevelidot.onion","dzcolkv7tur5ajw3.onion"],"openDirectories":null,"exifImages":null},"simpleReport":{"hiddenService":"apollonxilywevef.onion","risks":null}}
