{"hiddenService":"apollonujscjrlng.onion","dateScanned":"2019-08-30T08:59:53.609573994Z","online":false,"performedScans":["web","tls","ssh","irc","ricochet","ftp","smtp","mongodb","vnc","xmpp","bitcoin","bitcoin_test","litecoin","dogecoin"],"webDetected":true,"tlsDetected":false,"sshDetected":false,"ricochetDetected":false,"ircDetected":false,"ftpDetected":false,"smtpDetected":false,"bitcoinDetected":false,"mongodbDetected":false,"vncDetected":false,"xmppDetected":false,"skynetDetected":false,"crawls":{"http://apollonujscjrlng.onion/":8776534787244583326,"http://apollonujscjrlng.onion/cap":219815453374342812,"http://apollonujscjrlng.onion/cap/capshow.php":189614074466912493,"http://apollonujscjrlng.onion/dist":5347835362442439641,"http://apollonujscjrlng.onion/dist/css":8713814461469891903,"http://apollonujscjrlng.onion/dist/css/rs7exe7.css":238142551382239858,"http://apollonujscjrlng.onion/dist/css/rs7exe7.min.css":3878081397317023878,"http://apollonujscjrlng.onion/favicon.ico":4626711613306881531,"http://apollonujscjrlng.onion/forgotpass.php":1223729966347661019,"http://apollonujscjrlng.onion/login.php":347520160566270028,"http://apollonujscjrlng.onion/private_key":6220866900714351415,"http://apollonujscjrlng.onion/register.php":74136865074255729,"http://apollonujscjrlng.onion/server-status":1316258967773780723,"http://apollonujscjrlng.onion/sidebar.png":898115020833915741,"http://apollonujscjrlng.onion/support.php":2784865861294550678},"pgpKeys":null,"certificates":null,"bitcoinServices":{"bitcoin":{"detected":false,"userAgent":"","prototocolVersion":0,"onionPeers":null},"bitcoin_test":{"detected":false,"userAgent":"","prototocolVersion":0,"onionPeers":null},"dogecoin":{"detected":false,"userAgent":"","prototocolVersion":0,"onionPeers":null},"litecoin":{"detected":false,"userAgent":"","prototocolVersion":0,"onionPeers":null}},"sshKey":"","sshBanner":"","ftpFingerprint":"","ftpBanner":"","smtpFingerprint":"","smtpBanner":"","lastAction":"dogecoin","timedOut":false,"error":null,"identifierReport":{"privateKeyDetected":false,"foundApacheModStatus":false,"serverVersion":"","relatedOnionServices":null,"relatedOnionDomains":null,"ipAddresses":null,"emailAddresses":null,"analyticsIDs":null,"bitcoinAddresses":null,"linkedOnions":["dreadditevelidot.onion","dzcolkv7tur5ajw3.onion","apollionmy7q52qc.onion","raptortiabg7uyez.onion"],"openDirectories":null,"exifImages":null},"simpleReport":{"hiddenService":"apollonujscjrlng.onion","risks":null}}
