{"hiddenService":"apollon2tclejj73.onion","dateScanned":"2019-08-30T09:41:13.835910053Z","online":false,"performedScans":["web","tls","ssh","irc","ricochet","ftp","smtp","mongodb","vnc","xmpp","bitcoin","bitcoin_test","litecoin","dogecoin"],"webDetected":true,"tlsDetected":false,"sshDetected":false,"ricochetDetected":false,"ircDetected":false,"ftpDetected":false,"smtpDetected":false,"bitcoinDetected":false,"mongodbDetected":false,"vncDetected":false,"xmppDetected":false,"skynetDetected":false,"crawls":{"http://apollon2tclejj73.onion/":5188742965459561207,"http://apollon2tclejj73.onion/cap":617739240907366400,"http://apollon2tclejj73.onion/cap/capshow.php":7227381145814470810,"http://apollon2tclejj73.onion/dist":1431436603366349395,"http://apollon2tclejj73.onion/dist/css":2981754149017900744,"http://apollon2tclejj73.onion/dist/css/rs7exe7.css":6220206821027097054,"http://apollon2tclejj73.onion/dist/css/rs7exe7.min.css":703769515099025482,"http://apollon2tclejj73.onion/favicon.ico":6697950918589923757,"http://apollon2tclejj73.onion/forgotpass.php":4743151270423430075,"http://apollon2tclejj73.onion/login.php":246021932368560519,"http://apollon2tclejj73.onion/private_key":2549666587555075979,"http://apollon2tclejj73.onion/register.php":4856696562718821625,"http://apollon2tclejj73.onion/server-status":9001488413545410588,"http://apollon2tclejj73.onion/sidebar.png":5378123343276173421,"http://apollon2tclejj73.onion/support.php":8716485414210402299},"pgpKeys":null,"certificates":null,"bitcoinServices":{"bitcoin":{"detected":false,"userAgent":"","prototocolVersion":0,"onionPeers":null},"bitcoin_test":{"detected":false,"userAgent":"","prototocolVersion":0,"onionPeers":null},"dogecoin":{"detected":false,"userAgent":"","prototocolVersion":0,"onionPeers":null},"litecoin":{"detected":false,"userAgent":"","prototocolVersion":0,"onionPeers":null}},"sshKey":"","sshBanner":"","ftpFingerprint":"","ftpBanner":"","smtpFingerprint":"","smtpBanner":"","lastAction":"dogecoin","timedOut":false,"error":null,"identifierReport":{"privateKeyDetected":false,"foundApacheModStatus":false,"serverVersion":"","relatedOnionServices":null,"relatedOnionDomains":null,"ipAddresses":null,"emailAddresses":null,"analyticsIDs":null,"bitcoinAddresses":null,"linkedOnions":["apollionmy7q52qc.onion","raptortiabg7uyez.onion","dreadditevelidot.onion","dzcolkv7tur5ajw3.onion"],"openDirectories":null,"exifImages":null},"simpleReport":{"hiddenService":"apollon2tclejj73.onion","risks":null}}
