{"hiddenService":"apollonvm7uin7yw.onion","dateScanned":"2019-08-30T03:42:43.566775088Z","online":false,"performedScans":["web","tls","ssh","irc","ricochet","ftp","smtp","mongodb","vnc","xmpp","bitcoin","bitcoin_test","litecoin","dogecoin"],"webDetected":true,"tlsDetected":false,"sshDetected":false,"ricochetDetected":false,"ircDetected":false,"ftpDetected":false,"smtpDetected":false,"bitcoinDetected":false,"mongodbDetected":false,"vncDetected":false,"xmppDetected":false,"skynetDetected":false,"crawls":{"http://apollonvm7uin7yw.onion/":1422858023515309958,"http://apollonvm7uin7yw.onion/cap":5080111726549842997,"http://apollonvm7uin7yw.onion/cap/capshow.php":785181107548674845,"http://apollonvm7uin7yw.onion/dist":6597430502941112513,"http://apollonvm7uin7yw.onion/dist/css":3943994812892366997,"http://apollonvm7uin7yw.onion/dist/css/rs7exe7.css":8515922763688344491,"http://apollonvm7uin7yw.onion/dist/css/rs7exe7.min.css":5131486458927815578,"http://apollonvm7uin7yw.onion/favicon.ico":4499991842123349321,"http://apollonvm7uin7yw.onion/forgotpass.php":692008472425368473,"http://apollonvm7uin7yw.onion/login.php":305549299071742193,"http://apollonvm7uin7yw.onion/private_key":3189804555835232672,"http://apollonvm7uin7yw.onion/register.php":3828217900099636009,"http://apollonvm7uin7yw.onion/server-status":5128151875827692244,"http://apollonvm7uin7yw.onion/sidebar.png":3271987962833830463,"http://apollonvm7uin7yw.onion/support.php":3980602491510776053},"pgpKeys":null,"certificates":null,"bitcoinServices":{"bitcoin":{"detected":false,"userAgent":"","prototocolVersion":0,"onionPeers":null},"bitcoin_test":{"detected":false,"userAgent":"","prototocolVersion":0,"onionPeers":null},"dogecoin":{"detected":false,"userAgent":"","prototocolVersion":0,"onionPeers":null},"litecoin":{"detected":false,"userAgent":"","prototocolVersion":0,"onionPeers":null}},"sshKey":"","sshBanner":"","ftpFingerprint":"","ftpBanner":"","smtpFingerprint":"","smtpBanner":"","lastAction":"dogecoin","timedOut":false,"error":null,"identifierReport":{"privateKeyDetected":false,"foundApacheModStatus":false,"serverVersion":"","relatedOnionServices":null,"relatedOnionDomains":null,"ipAddresses":null,"emailAddresses":null,"analyticsIDs":null,"bitcoinAddresses":null,"linkedOnions":["dzcolkv7tur5ajw3.onion","apollionmy7q52qc.onion","raptortiabg7uyez.onion","dreadditevelidot.onion"],"openDirectories":null,"exifImages":null},"simpleReport":{"hiddenService":"apollonvm7uin7yw.onion","risks":null}}
