{"hiddenService":"apollon5e246vvhj.onion","dateScanned":"2019-08-30T13:55:00.964104912Z","online":false,"performedScans":["web","tls","ssh","irc","ricochet","ftp","smtp","mongodb","vnc","xmpp","bitcoin","bitcoin_test","litecoin","dogecoin"],"webDetected":true,"tlsDetected":false,"sshDetected":false,"ricochetDetected":false,"ircDetected":false,"ftpDetected":false,"smtpDetected":false,"bitcoinDetected":false,"mongodbDetected":false,"vncDetected":false,"xmppDetected":false,"skynetDetected":false,"crawls":{"http://apollon5e246vvhj.onion/":4412031516765973422,"http://apollon5e246vvhj.onion/cap":8002682595652188310,"http://apollon5e246vvhj.onion/cap/capshow.php":2317939432834287590,"http://apollon5e246vvhj.onion/dist":3235430951816587639,"http://apollon5e246vvhj.onion/dist/css":1737518174502372967,"http://apollon5e246vvhj.onion/dist/css/rs7exe7.css":58140726813952092,"http://apollon5e246vvhj.onion/dist/css/rs7exe7.min.css":1454034797574988192,"http://apollon5e246vvhj.onion/favicon.ico":596773658631415085,"http://apollon5e246vvhj.onion/forgotpass.php":4842153031027943255,"http://apollon5e246vvhj.onion/login.php":4805861157345416075,"http://apollon5e246vvhj.onion/private_key":2918900074628199967,"http://apollon5e246vvhj.onion/register.php":5145387707059203458,"http://apollon5e246vvhj.onion/server-status":8424677434538950702,"http://apollon5e246vvhj.onion/sidebar.png":7351623330488292019,"http://apollon5e246vvhj.onion/support.php":6236984433941316931},"pgpKeys":null,"certificates":null,"bitcoinServices":{"bitcoin":{"detected":false,"userAgent":"","prototocolVersion":0,"onionPeers":null},"bitcoin_test":{"detected":false,"userAgent":"","prototocolVersion":0,"onionPeers":null},"dogecoin":{"detected":false,"userAgent":"","prototocolVersion":0,"onionPeers":null},"litecoin":{"detected":false,"userAgent":"","prototocolVersion":0,"onionPeers":null}},"sshKey":"","sshBanner":"","ftpFingerprint":"","ftpBanner":"","smtpFingerprint":"","smtpBanner":"","lastAction":"dogecoin","timedOut":false,"error":null,"identifierReport":{"privateKeyDetected":false,"foundApacheModStatus":false,"serverVersion":"","relatedOnionServices":null,"relatedOnionDomains":null,"ipAddresses":null,"emailAddresses":null,"analyticsIDs":null,"bitcoinAddresses":null,"linkedOnions":["dreadditevelidot.onion","dzcolkv7tur5ajw3.onion","apollionmy7q52qc.onion","raptortiabg7uyez.onion"],"openDirectories":null,"exifImages":null},"simpleReport":{"hiddenService":"apollon5e246vvhj.onion","risks":null}}
