{"hiddenService":"apollonwmwenxcwa.onion","dateScanned":"2019-08-30T12:16:14.737792738Z","online":false,"performedScans":["web","tls","ssh","irc","ricochet","ftp","smtp","mongodb","vnc","xmpp","bitcoin","bitcoin_test","litecoin","dogecoin"],"webDetected":true,"tlsDetected":false,"sshDetected":false,"ricochetDetected":false,"ircDetected":false,"ftpDetected":false,"smtpDetected":false,"bitcoinDetected":false,"mongodbDetected":false,"vncDetected":false,"xmppDetected":false,"skynetDetected":false,"crawls":{"http://apollonwmwenxcwa.onion/":2705762109528733963,"http://apollonwmwenxcwa.onion/cap":5830811123791400825,"http://apollonwmwenxcwa.onion/cap/capshow.php":3968672455024086737,"http://apollonwmwenxcwa.onion/dist":3790245008865864422,"http://apollonwmwenxcwa.onion/dist/css":1920900951735758713,"http://apollonwmwenxcwa.onion/dist/css/rs7exe7.css":6482855732305380185,"http://apollonwmwenxcwa.onion/dist/css/rs7exe7.min.css":3270735253342637973,"http://apollonwmwenxcwa.onion/favicon.ico":6282890048437327454,"http://apollonwmwenxcwa.onion/forgotpass.php":3124961999733018650,"http://apollonwmwenxcwa.onion/login.php":8115784851496569416,"http://apollonwmwenxcwa.onion/private_key":4800887537209997840,"http://apollonwmwenxcwa.onion/register.php":500747106600451184,"http://apollonwmwenxcwa.onion/server-status":2198878931637453013,"http://apollonwmwenxcwa.onion/sidebar.png":2230824746745094403,"http://apollonwmwenxcwa.onion/support.php":7303985998477530340},"pgpKeys":null,"certificates":null,"bitcoinServices":{"bitcoin":{"detected":false,"userAgent":"","prototocolVersion":0,"onionPeers":null},"bitcoin_test":{"detected":false,"userAgent":"","prototocolVersion":0,"onionPeers":null},"dogecoin":{"detected":false,"userAgent":"","prototocolVersion":0,"onionPeers":null},"litecoin":{"detected":false,"userAgent":"","prototocolVersion":0,"onionPeers":null}},"sshKey":"","sshBanner":"","ftpFingerprint":"","ftpBanner":"","smtpFingerprint":"","smtpBanner":"","lastAction":"dogecoin","timedOut":false,"error":null,"identifierReport":{"privateKeyDetected":false,"foundApacheModStatus":false,"serverVersion":"","relatedOnionServices":null,"relatedOnionDomains":null,"ipAddresses":null,"emailAddresses":null,"analyticsIDs":null,"bitcoinAddresses":null,"linkedOnions":["apollionmy7q52qc.onion","raptortiabg7uyez.onion","dreadditevelidot.onion","dzcolkv7tur5ajw3.onion"],"openDirectories":null,"exifImages":null},"simpleReport":{"hiddenService":"apollonwmwenxcwa.onion","risks":null}}
