{"hiddenService":"apollonl43274j26.onion","dateScanned":"2019-08-30T14:05:58.265154265Z","online":false,"performedScans":["web","tls","ssh","irc","ricochet","ftp","smtp","mongodb","vnc","xmpp","bitcoin","bitcoin_test","litecoin","dogecoin"],"webDetected":true,"tlsDetected":false,"sshDetected":false,"ricochetDetected":false,"ircDetected":false,"ftpDetected":false,"smtpDetected":false,"bitcoinDetected":false,"mongodbDetected":false,"vncDetected":false,"xmppDetected":false,"skynetDetected":false,"crawls":{"http://apollonl43274j26.onion/":238574170519602297,"http://apollonl43274j26.onion/cap":3837706091238004135,"http://apollonl43274j26.onion/cap/capshow.php":2028635985498811442,"http://apollonl43274j26.onion/dist":2237540416206332185,"http://apollonl43274j26.onion/dist/css":3647494922703971016,"http://apollonl43274j26.onion/dist/css/rs7exe7.css":5029684495412323222,"http://apollonl43274j26.onion/dist/css/rs7exe7.min.css":6638730705209396017,"http://apollonl43274j26.onion/favicon.ico":7160292715336851947,"http://apollonl43274j26.onion/forgotpass.php":5684080964760750003,"http://apollonl43274j26.onion/login.php":5395118568790812690,"http://apollonl43274j26.onion/private_key":373325665988756173,"http://apollonl43274j26.onion/register.php":2679784620800895513,"http://apollonl43274j26.onion/server-status":946736894804387823,"http://apollonl43274j26.onion/sidebar.png":4859398141477322043,"http://apollonl43274j26.onion/support.php":1670466853649404374},"pgpKeys":null,"certificates":null,"bitcoinServices":{"bitcoin":{"detected":false,"userAgent":"","prototocolVersion":0,"onionPeers":null},"bitcoin_test":{"detected":false,"userAgent":"","prototocolVersion":0,"onionPeers":null},"dogecoin":{"detected":false,"userAgent":"","prototocolVersion":0,"onionPeers":null},"litecoin":{"detected":false,"userAgent":"","prototocolVersion":0,"onionPeers":null}},"sshKey":"","sshBanner":"","ftpFingerprint":"","ftpBanner":"","smtpFingerprint":"","smtpBanner":"","lastAction":"dogecoin","timedOut":false,"error":null,"identifierReport":{"privateKeyDetected":false,"foundApacheModStatus":false,"serverVersion":"","relatedOnionServices":null,"relatedOnionDomains":null,"ipAddresses":null,"emailAddresses":null,"analyticsIDs":null,"bitcoinAddresses":null,"linkedOnions":["apollionmy7q52qc.onion","raptortiabg7uyez.onion","dreadditevelidot.onion","dzcolkv7tur5ajw3.onion"],"openDirectories":null,"exifImages":null},"simpleReport":{"hiddenService":"apollonl43274j26.onion","risks":null}}
