{"hiddenService":"apollionih4ocqyd.onion","dateScanned":"2019-08-30T09:15:23.697346272Z","online":false,"performedScans":["web","tls","ssh","irc","ricochet","ftp","smtp","mongodb","vnc","xmpp","bitcoin","bitcoin_test","litecoin","dogecoin"],"webDetected":true,"tlsDetected":false,"sshDetected":false,"ricochetDetected":false,"ircDetected":false,"ftpDetected":false,"smtpDetected":false,"bitcoinDetected":false,"mongodbDetected":false,"vncDetected":false,"xmppDetected":false,"skynetDetected":false,"crawls":{"http://apollionih4ocqyd.onion/":3273771263555044326,"http://apollionih4ocqyd.onion/private_key":4572571476826633034,"http://apollionih4ocqyd.onion/server-status":5824557302015911486},"pgpKeys":null,"certificates":null,"bitcoinServices":{"bitcoin":{"detected":false,"userAgent":"","prototocolVersion":0,"onionPeers":null},"bitcoin_test":{"detected":false,"userAgent":"","prototocolVersion":0,"onionPeers":null},"dogecoin":{"detected":false,"userAgent":"","prototocolVersion":0,"onionPeers":null},"litecoin":{"detected":false,"userAgent":"","prototocolVersion":0,"onionPeers":null}},"sshKey":"","sshBanner":"","ftpFingerprint":"","ftpBanner":"","smtpFingerprint":"","smtpBanner":"","lastAction":"dogecoin","timedOut":false,"error":null,"identifierReport":{"privateKeyDetected":false,"foundApacheModStatus":false,"serverVersion":"","relatedOnionServices":null,"relatedOnionDomains":null,"ipAddresses":null,"emailAddresses":null,"analyticsIDs":null,"bitcoinAddresses":null,"linkedOnions":["apollonujscjrlng.onion","apollonl43274j26.onion","apollonxilywevef.onion","apollonwmwenxcwa.onion","apollon5e246vvhj.onion","apollonvm7uin7yw.onion","apollon2tclejj73.onion"],"openDirectories":null,"exifImages":null},"simpleReport":{"hiddenService":"apollionih4ocqyd.onion","risks":null}}
