{"hiddenService":"atlayofke5rqhsma.onion","dateScanned":"2019-09-01T15:36:44.715375586Z","online":false,"performedScans":["web","tls","ssh","irc","ricochet","ftp","smtp","mongodb","vnc","xmpp","bitcoin","bitcoin_test","litecoin","dogecoin"],"webDetected":true,"tlsDetected":false,"sshDetected":false,"ricochetDetected":false,"ircDetected":false,"ftpDetected":false,"smtpDetected":true,"bitcoinDetected":false,"mongodbDetected":false,"vncDetected":false,"xmppDetected":false,"skynetDetected":false,"crawls":{"http://atlayofke5rqhsma.onion/":5930669298124336327,"http://atlayofke5rqhsma.onion/?\u0026lang=arabic":5235276359802187040,"http://atlayofke5rqhsma.onion/?\u0026lang=czech":4616938774173098290,"http://atlayofke5rqhsma.onion/?\u0026lang=danish":1233756601135621219,"http://atlayofke5rqhsma.onion/?\u0026lang=dutch":104913362200676872,"http://atlayofke5rqhsma.onion/?\u0026lang=english":3585595985137298233,"http://atlayofke5rqhsma.onion/?\u0026lang=french":487540800272116065,"http://atlayofke5rqhsma.onion/?\u0026lang=german":1115796458683295050,"http://atlayofke5rqhsma.onion/?\u0026lang=italian":5132700560466815374,"http://atlayofke5rqhsma.onion/?\u0026lang=polish":7344789029545515158,"http://atlayofke5rqhsma.onion/?\u0026lang=portuguese":3853794805446659665,"http://atlayofke5rqhsma.onion/?\u0026lang=russian":4880915474016898384,"http://atlayofke5rqhsma.onion/?\u0026lang=spanish":8640434747259691288,"http://atlayofke5rqhsma.onion/?\u0026lang=turkish":351694122611290731,"http://atlayofke5rqhsma.onion/private_key":4643217255386844301,"http://atlayofke5rqhsma.onion/server-status":2408784650928579342},"pgpKeys":null,"certificates":null,"bitcoinServices":{"bitcoin":{"detected":false,"userAgent":"","prototocolVersion":0,"onionPeers":null},"bitcoin_test":{"detected":false,"userAgent":"","prototocolVersion":0,"onionPeers":null},"dogecoin":{"detected":false,"userAgent":"","prototocolVersion":0,"onionPeers":null},"litecoin":{"detected":false,"userAgent":"","prototocolVersion":0,"onionPeers":null}},"sshKey":"","sshBanner":"","ftpFingerprint":"","ftpBanner":"","smtpFingerprint":"ef14ef831fe462e7d85a949c4dc95fe3fc360ca6","smtpBanner":"220 dhosting4xxoydyaivckq7tsmtgi4wfs3flpeyitekkmqwu4v4r46syd.onion ESMTP Postfix (Debian/GNU)\r\n","lastAction":"dogecoin","timedOut":false,"error":null,"identifierReport":{"privateKeyDetected":false,"foundApacheModStatus":false,"serverVersion":"","relatedOnionServices":null,"relatedOnionDomains":null,"ipAddresses":null,"emailAddresses":["atlayo@atlayo.com"],"analyticsIDs":null,"bitcoinAddresses":null,"linkedOnions":null,"openDirectories":null,"exifImages":null},"simpleReport":{"hiddenService":"atlayofke5rqhsma.onion","risks":[{"severity":"info","title":"Found Identities","description":"","fix":"","items":["atlayo@atlayo.com"]}]}}
