{"hiddenService":"avengersdutyk3xf.onion","dateScanned":"2019-09-02T19:41:14.642250838Z","online":false,"performedScans":["web","tls","ssh","irc","ricochet","ftp","smtp","mongodb","vnc","xmpp","bitcoin","bitcoin_test","litecoin","dogecoin"],"webDetected":true,"tlsDetected":false,"sshDetected":false,"ricochetDetected":false,"ircDetected":false,"ftpDetected":false,"smtpDetected":false,"bitcoinDetected":false,"mongodbDetected":false,"vncDetected":false,"xmppDetected":false,"skynetDetected":false,"crawls":{"http://avengersdutyk3xf.onion/":556614152698707810,"http://avengersdutyk3xf.onion/#top":6409256242325913214,"http://avengersdutyk3xf.onion/archive":5310777260125240875,"http://avengersdutyk3xf.onion/archive/index.php":7526325231062075782,"http://avengersdutyk3xf.onion/archive/print.css":3671342896385320745,"http://avengersdutyk3xf.onion/archive/screen.css":4855144901119083583,"http://avengersdutyk3xf.onion/captcha.php?imagehash=a500e32ee872c778e040af6c0e74ac2b":4897930759010162344,"http://avengersdutyk3xf.onion/images":219312146464654604,"http://avengersdutyk3xf.onion/images/Carbon":543598135229748006,"http://avengersdutyk3xf.onion/images/Carbon/logo.png":8308392765544720352,"http://avengersdutyk3xf.onion/images/Carbon/nav_bit.png":3056819044558987929,"http://avengersdutyk3xf.onion/index.php":511766133718620068,"http://avengersdutyk3xf.onion/jscripts":968891271187263497,"http://avengersdutyk3xf.onion/jscripts/captcha.js?ver=1808":8081290178055519542,"http://avengersdutyk3xf.onion/member.php?action=login":8023898757370961078,"http://avengersdutyk3xf.onion/member.php?action=lostpw":1930226768742143853,"http://avengersdutyk3xf.onion/member.php?action=register":3870273252278515114,"http://avengersdutyk3xf.onion/misc.php?action=syndication":4351168437522543477,"http://avengersdutyk3xf.onion/private_key":3529820966699982401,"http://avengersdutyk3xf.onion/search.php":176228527847664302,"http://avengersdutyk3xf.onion/search.php?action=getdaily":6342249006068515482,"http://avengersdutyk3xf.onion/server-status":6135253923470510865,"http://avengersdutyk3xf.onion/syndication.php":1480814154090899273,"http://avengersdutyk3xf.onion/syndication.php?type=atom1.0":5972380784480515866},"pgpKeys":null,"certificates":null,"bitcoinServices":{"bitcoin":{"detected":false,"userAgent":"","prototocolVersion":0,"onionPeers":null},"bitcoin_test":{"detected":false,"userAgent":"","prototocolVersion":0,"onionPeers":null},"dogecoin":{"detected":false,"userAgent":"","prototocolVersion":0,"onionPeers":null},"litecoin":{"detected":false,"userAgent":"","prototocolVersion":0,"onionPeers":null}},"sshKey":"","sshBanner":"","ftpFingerprint":"","ftpBanner":"","smtpFingerprint":"","smtpBanner":"","lastAction":"dogecoin","timedOut":false,"error":null,"identifierReport":{"privateKeyDetected":false,"foundApacheModStatus":false,"serverVersion":"","relatedOnionServices":null,"relatedOnionDomains":null,"ipAddresses":null,"emailAddresses":null,"analyticsIDs":null,"bitcoinAddresses":null,"linkedOnions":["css.avengersdutyk3xf.onion"],"openDirectories":null,"exifImages":null},"simpleReport":{"hiddenService":"avengersdutyk3xf.onion","risks":null}}
