{"hiddenService":"b2fxrnttdue72ntq.onion","dateScanned":"2019-08-31T17:44:16.983110448Z","online":false,"performedScans":["web"],"webDetected":true,"tlsDetected":false,"sshDetected":false,"ricochetDetected":false,"ircDetected":false,"ftpDetected":false,"smtpDetected":false,"bitcoinDetected":false,"mongodbDetected":false,"vncDetected":false,"xmppDetected":false,"skynetDetected":false,"crawls":{"http://b2fxrnttdue72ntq.onion/":5502506067837990322,"http://b2fxrnttdue72ntq.onion/book":8695891112407841398,"http://b2fxrnttdue72ntq.onion/book/150_Questions_Guerrilla":82788431071839789,"http://b2fxrnttdue72ntq.onion/book/150_Questions_Guerrilla/150_Questions_Guerrilla.pdf":4139457078558162533,"http://b2fxrnttdue72ntq.onion/book/22_Silenced_Pistol":7239362704821112841,"http://b2fxrnttdue72ntq.onion/book/Anarchist_Arsenal_Recipes":5852953081509597521,"http://b2fxrnttdue72ntq.onion/book/Antiaircraft":2562872367667422606,"http://b2fxrnttdue72ntq.onion/book/Backyard_Rocketry":3017812948952656671,"http://b2fxrnttdue72ntq.onion/book/Bomb_Design":5784101339795141239,"http://b2fxrnttdue72ntq.onion/book/Breath_of_the_Dragon":8943475256626710619,"http://b2fxrnttdue72ntq.onion/book/CARBOMB":4248412848240678791,"http://b2fxrnttdue72ntq.onion/book/Claymore_Mines":7931035783457075591,"http://b2fxrnttdue72ntq.onion/book/Cookbook":3677567547988777682,"http://b2fxrnttdue72ntq.onion/book/David's_Tool_Kit":1892171264988025787,"http://b2fxrnttdue72ntq.onion/book/Ditch_Medicine":8945987049754872055,"http://b2fxrnttdue72ntq.onion/book/Electronic_Warfare":7720316409834031634,"http://b2fxrnttdue72ntq.onion/book/Flash_Stun_Grenades":7620537073911486467,"http://b2fxrnttdue72ntq.onion/book/Getaway_%20Driving_Techniques.pdf":1150765201845100769,"http://b2fxrnttdue72ntq.onion/book/Guide_to_Electrical":6706891596436483844,"http://b2fxrnttdue72ntq.onion/book/Gunpowder_Cookbook":2408042184172705304,"http://b2fxrnttdue72ntq.onion/book/Handbook_Volunteers_Irish":8368052818668290917,"http://b2fxrnttdue72ntq.onion/book/Handbook_Volunteers_Irish/Handbook_Volunteers_Irish.pdf":2463700222426989111,"http://b2fxrnttdue72ntq.onion/book/Home_Workshop_Explosives":5341247298106825529,"http://b2fxrnttdue72ntq.onion/book/Homemade_Ammo":3327181096097635895,"http://b2fxrnttdue72ntq.onion/book/Homemade_C-4":3655354673463726487,"http://b2fxrnttdue72ntq.onion/book/Homemade_Detonators":1898985988108973198,"http://b2fxrnttdue72ntq.onion/book/Homemade_Firearms_9mm":7381369085559919921,"http://b2fxrnttdue72ntq.onion/book/Homemade_Grenade_Launchers":2161577039880096960,"http://b2fxrnttdue72ntq.onion/book/Homemade_Guns":7493575280529128888,"http://b2fxrnttdue72ntq.onion/book/How_to_Be_Invisible":148645359062860948,"http://b2fxrnttdue72ntq.onion/book/Improvised_Land_Mines":6935731493616956344,"http://b2fxrnttdue72ntq.onion/book/Improvised_Radio_Detonation":8884282438064781322,"http://b2fxrnttdue72ntq.onion/book/Incendiaries_Advanced_Improvised":2113888824361671345,"http://b2fxrnttdue72ntq.onion/book/Invisible_Resistance":7613333710182467432,"http://b2fxrnttdue72ntq.onion/book/Kitchen_Improvised_Fertilizer":6610369626228217964,"http://b2fxrnttdue72ntq.onion/book/Modern_Survival_Retreat":1921541028142028290,"http://b2fxrnttdue72ntq.onion/book/Pen_Gun_Mk1":3528524369319469071,"http://b2fxrnttdue72ntq.onion/book/Publish_Fanzine":3649032360732847016,"http://b2fxrnttdue72ntq.onion/book/Publish_Fanzine/Publish_Fanzine.pdf":2492945126982328401,"http://b2fxrnttdue72ntq.onion/book/SS_Werwolf_Combat_Instruction_Manual":8584470970068913404,"http://b2fxrnttdue72ntq.onion/book/SS_Werwolf_Combat_Instruction_Manual/SS_Werwolf_Combat_Instruction_Manual.pdf":9015246899589057285,"http://b2fxrnttdue72ntq.onion/book/Submachine_Gun":6563071347718154251,"http://b2fxrnttdue72ntq.onion/book/Tor_and_the_Dark_Art_of_Anonymity":1924398168573826896,"http://b2fxrnttdue72ntq.onion/book/Understanding_Surveillance":3470135328221880684,"http://b2fxrnttdue72ntq.onion/book/Undetectable_Grenades":6092482218277272752,"http://b2fxrnttdue72ntq.onion/book/Why_Civil_Resistance_Works":6357035200210516670,"http://b2fxrnttdue72ntq.onion/llogo.png":2960761642435638353,"http://b2fxrnttdue72ntq.onion/private_key":4029696708660868739,"http://b2fxrnttdue72ntq.onion/server-status":8999546184144530840},"pgpKeys":null,"certificates":null,"bitcoinServices":{},"sshKey":"","sshBanner":"","ftpFingerprint":"","ftpBanner":"","smtpFingerprint":"","smtpBanner":"","lastAction":"web","timedOut":true,"error":null,"identifierReport":{"privateKeyDetected":false,"foundApacheModStatus":false,"serverVersion":"","relatedOnionServices":null,"relatedOnionDomains":null,"ipAddresses":null,"emailAddresses":null,"analyticsIDs":null,"bitcoinAddresses":null,"linkedOnions":null,"openDirectories":null,"exifImages":null},"simpleReport":{"hiddenService":"b2fxrnttdue72ntq.onion","risks":null}}
