{"hiddenService":"berlusconik2s42v.onion","dateScanned":"2019-08-31T07:13:18.533938017Z","online":false,"performedScans":["web","tls","ssh","irc","ricochet","ftp","smtp","mongodb","vnc","xmpp","bitcoin","bitcoin_test","litecoin","dogecoin"],"webDetected":true,"tlsDetected":false,"sshDetected":false,"ricochetDetected":false,"ircDetected":false,"ftpDetected":false,"smtpDetected":false,"bitcoinDetected":false,"mongodbDetected":false,"vncDetected":false,"xmppDetected":false,"skynetDetected":false,"crawls":{"http://berlusconik2s42v.onion/":7969920772310937653,"http://berlusconik2s42v.onion/misc":1988411139317153226,"http://berlusconik2s42v.onion/misc/bm-logo.jpg":3501187925221125226,"http://berlusconik2s42v.onion/misc/bootstrap.css":1168417261252949680,"http://berlusconik2s42v.onion/misc/captcha.php?_CAPTCHA\u0026t=0.51725200+1567235601":8746517123108753532,"http://berlusconik2s42v.onion/misc/main.css":6791250432822046742,"http://berlusconik2s42v.onion/misc/util.css":8871600041421668849,"http://berlusconik2s42v.onion/private_key":9157002853969947050,"http://berlusconik2s42v.onion/server-status":4291093283981849011},"pgpKeys":null,"certificates":null,"bitcoinServices":{"bitcoin":{"detected":false,"userAgent":"","prototocolVersion":0,"onionPeers":null},"bitcoin_test":{"detected":false,"userAgent":"","prototocolVersion":0,"onionPeers":null},"dogecoin":{"detected":false,"userAgent":"","prototocolVersion":0,"onionPeers":null},"litecoin":{"detected":false,"userAgent":"","prototocolVersion":0,"onionPeers":null}},"sshKey":"","sshBanner":"","ftpFingerprint":"","ftpBanner":"","smtpFingerprint":"","smtpBanner":"","lastAction":"dogecoin","timedOut":false,"error":null,"identifierReport":{"privateKeyDetected":false,"foundApacheModStatus":false,"serverVersion":"","relatedOnionServices":null,"relatedOnionDomains":null,"ipAddresses":null,"emailAddresses":null,"analyticsIDs":null,"bitcoinAddresses":null,"linkedOnions":["berlusconifsfwkp.onion","hky3mzk3jtmd4zt4.onion","f53gljhn7frv5fq3.onion","tdzn6gxqrol2zspk.onion","berlusconikmpmas.onion","7krwabhtye636eq3.onion","6qgy2cfgc6kim3uc.onion","berluscqui3nj4qz.onion","55j6kjwki4vjtmzp.onion","eenlakbilrpsqieh.onion","3m2pyft7fyzjqymu.onion","vnkqjwd3t34rhet7.onion","ds6p3fjyzqaw5ziz.onion","berlusconiswn2ok.onion","dwmaxbiun563z5x2.onion","berlusconi5zqmng.onion","un3akockjbxly4nm.onion","kxpn5qb3kc7dnpsm.onion","berlusconij6gnqp.onion","mxxx62pa7ab6g4xt.onion"],"openDirectories":null,"exifImages":null},"simpleReport":{"hiddenService":"berlusconik2s42v.onion","risks":null}}
