{"hiddenService":"berlusconikmpmas.onion","dateScanned":"2019-08-30T10:32:54.146368809Z","online":false,"performedScans":["web","tls","ssh","irc","ricochet","ftp","smtp","mongodb","vnc","xmpp","bitcoin","bitcoin_test","litecoin","dogecoin"],"webDetected":true,"tlsDetected":false,"sshDetected":false,"ricochetDetected":false,"ircDetected":false,"ftpDetected":false,"smtpDetected":false,"bitcoinDetected":false,"mongodbDetected":false,"vncDetected":false,"xmppDetected":false,"skynetDetected":false,"crawls":{"http://berlusconikmpmas.onion/":8001408229705121462,"http://berlusconikmpmas.onion/misc":8349738063442469326,"http://berlusconikmpmas.onion/misc/bm-logo.jpg":6142206746306861438,"http://berlusconikmpmas.onion/misc/bootstrap.css":367309275425882661,"http://berlusconikmpmas.onion/misc/captcha.php?_CAPTCHA\u0026t=0.29072900+1567161177":6448784125672501037,"http://berlusconikmpmas.onion/misc/main.css":499825609422603901,"http://berlusconikmpmas.onion/misc/util.css":5723241972668153936,"http://berlusconikmpmas.onion/private_key":5993177120945700013,"http://berlusconikmpmas.onion/server-status":7324630063809278367},"pgpKeys":null,"certificates":null,"bitcoinServices":{"bitcoin":{"detected":false,"userAgent":"","prototocolVersion":0,"onionPeers":null},"bitcoin_test":{"detected":false,"userAgent":"","prototocolVersion":0,"onionPeers":null},"dogecoin":{"detected":false,"userAgent":"","prototocolVersion":0,"onionPeers":null},"litecoin":{"detected":false,"userAgent":"","prototocolVersion":0,"onionPeers":null}},"sshKey":"","sshBanner":"","ftpFingerprint":"","ftpBanner":"","smtpFingerprint":"","smtpBanner":"","lastAction":"dogecoin","timedOut":false,"error":null,"identifierReport":{"privateKeyDetected":false,"foundApacheModStatus":false,"serverVersion":"","relatedOnionServices":null,"relatedOnionDomains":null,"ipAddresses":null,"emailAddresses":null,"analyticsIDs":null,"bitcoinAddresses":null,"linkedOnions":["un3akockjbxly4nm.onion","7krwabhtye636eq3.onion","berluscqui3nj4qz.onion","hky3mzk3jtmd4zt4.onion","f53gljhn7frv5fq3.onion","eenlakbilrpsqieh.onion","6qgy2cfgc6kim3uc.onion","berlusconifsfwkp.onion","berlusconi5zqmng.onion","3m2pyft7fyzjqymu.onion","berlusconij6gnqp.onion","berlusconik2s42v.onion","55j6kjwki4vjtmzp.onion","kxpn5qb3kc7dnpsm.onion","berlusconiswn2ok.onion","dwmaxbiun563z5x2.onion","vnkqjwd3t34rhet7.onion","mxxx62pa7ab6g4xt.onion","tdzn6gxqrol2zspk.onion","ds6p3fjyzqaw5ziz.onion"],"openDirectories":null,"exifImages":null},"simpleReport":{"hiddenService":"berlusconikmpmas.onion","risks":null}}
