{"hiddenService":"berluscqui3nj4qz.onion","dateScanned":"2019-08-31T07:28:48.606069651Z","online":false,"performedScans":["web","tls","ssh","irc","ricochet","ftp","smtp","mongodb","vnc","xmpp","bitcoin","bitcoin_test","litecoin","dogecoin"],"webDetected":true,"tlsDetected":false,"sshDetected":false,"ricochetDetected":false,"ircDetected":false,"ftpDetected":false,"smtpDetected":false,"bitcoinDetected":false,"mongodbDetected":false,"vncDetected":false,"xmppDetected":false,"skynetDetected":false,"crawls":{"http://berluscqui3nj4qz.onion/":127469607960371303,"http://berluscqui3nj4qz.onion/misc/bm-logo.jpg":1113608829324336598,"http://berluscqui3nj4qz.onion/misc/bootstrap.css":1658453776869698498,"http://berluscqui3nj4qz.onion/misc/captcha.php?_CAPTCHA\u0026t=0.28782200+1567136366":1792014477174691003,"http://berluscqui3nj4qz.onion/misc/main.css":317903591612342002,"http://berluscqui3nj4qz.onion/misc/util.css":420148806650002132,"http://berluscqui3nj4qz.onion/private_key":8810389655523472788,"http://berluscqui3nj4qz.onion/server-status":942341165117952652},"pgpKeys":null,"certificates":null,"bitcoinServices":{"bitcoin":{"detected":false,"userAgent":"","prototocolVersion":0,"onionPeers":null},"bitcoin_test":{"detected":false,"userAgent":"","prototocolVersion":0,"onionPeers":null},"dogecoin":{"detected":false,"userAgent":"","prototocolVersion":0,"onionPeers":null},"litecoin":{"detected":false,"userAgent":"","prototocolVersion":0,"onionPeers":null}},"sshKey":"","sshBanner":"","ftpFingerprint":"","ftpBanner":"","smtpFingerprint":"","smtpBanner":"","lastAction":"dogecoin","timedOut":false,"error":null,"identifierReport":{"privateKeyDetected":false,"foundApacheModStatus":false,"serverVersion":"","relatedOnionServices":null,"relatedOnionDomains":null,"ipAddresses":null,"emailAddresses":null,"analyticsIDs":null,"bitcoinAddresses":null,"linkedOnions":["berlusconifsfwkp.onion","tdzn6gxqrol2zspk.onion","ds6p3fjyzqaw5ziz.onion","7krwabhtye636eq3.onion","kxpn5qb3kc7dnpsm.onion","dwmaxbiun563z5x2.onion","mxxx62pa7ab6g4xt.onion","berlusconi5zqmng.onion","berlusconikmpmas.onion","3m2pyft7fyzjqymu.onion","hky3mzk3jtmd4zt4.onion","un3akockjbxly4nm.onion","berlusconij6gnqp.onion","berlusconik2s42v.onion","f53gljhn7frv5fq3.onion","55j6kjwki4vjtmzp.onion","eenlakbilrpsqieh.onion","berlusconiswn2ok.onion","6qgy2cfgc6kim3uc.onion","vnkqjwd3t34rhet7.onion"],"openDirectories":null,"exifImages":null},"simpleReport":{"hiddenService":"berluscqui3nj4qz.onion","risks":null}}
