{"hiddenService":"berlusconi5zqmng.onion","dateScanned":"2019-08-30T15:38:58.782132742Z","online":false,"performedScans":["web","tls","ssh","irc","ricochet","ftp","smtp","mongodb","vnc","xmpp","bitcoin","bitcoin_test","litecoin","dogecoin"],"webDetected":true,"tlsDetected":false,"sshDetected":false,"ricochetDetected":false,"ircDetected":false,"ftpDetected":false,"smtpDetected":false,"bitcoinDetected":false,"mongodbDetected":false,"vncDetected":false,"xmppDetected":false,"skynetDetected":false,"crawls":{"http://berlusconi5zqmng.onion/":3204374965849087265,"http://berlusconi5zqmng.onion/misc":1737690402307575605,"http://berlusconi5zqmng.onion/misc/bm-logo.jpg":3636097316871902237,"http://berlusconi5zqmng.onion/misc/bootstrap.css":2295979354035832797,"http://berlusconi5zqmng.onion/misc/captcha.php?_CAPTCHA\u0026t=0.00330500+1567179546":7249504547629395078,"http://berlusconi5zqmng.onion/misc/main.css":8239890881581358393,"http://berlusconi5zqmng.onion/misc/util.css":106872245884356688,"http://berlusconi5zqmng.onion/private_key":5018807535605731282,"http://berlusconi5zqmng.onion/server-status":5338613146281121420},"pgpKeys":null,"certificates":null,"bitcoinServices":{"bitcoin":{"detected":false,"userAgent":"","prototocolVersion":0,"onionPeers":null},"bitcoin_test":{"detected":false,"userAgent":"","prototocolVersion":0,"onionPeers":null},"dogecoin":{"detected":false,"userAgent":"","prototocolVersion":0,"onionPeers":null},"litecoin":{"detected":false,"userAgent":"","prototocolVersion":0,"onionPeers":null}},"sshKey":"","sshBanner":"","ftpFingerprint":"","ftpBanner":"","smtpFingerprint":"","smtpBanner":"","lastAction":"dogecoin","timedOut":false,"error":null,"identifierReport":{"privateKeyDetected":false,"foundApacheModStatus":false,"serverVersion":"","relatedOnionServices":null,"relatedOnionDomains":null,"ipAddresses":null,"emailAddresses":null,"analyticsIDs":null,"bitcoinAddresses":null,"linkedOnions":["vnkqjwd3t34rhet7.onion","ds6p3fjyzqaw5ziz.onion","7krwabhtye636eq3.onion","berlusconiswn2ok.onion","berlusconij6gnqp.onion","dwmaxbiun563z5x2.onion","berlusconifsfwkp.onion","tdzn6gxqrol2zspk.onion","kxpn5qb3kc7dnpsm.onion","3m2pyft7fyzjqymu.onion","6qgy2cfgc6kim3uc.onion","mxxx62pa7ab6g4xt.onion","hky3mzk3jtmd4zt4.onion","berlusconik2s42v.onion","f53gljhn7frv5fq3.onion","55j6kjwki4vjtmzp.onion","berlusconikmpmas.onion","eenlakbilrpsqieh.onion","un3akockjbxly4nm.onion","berluscqui3nj4qz.onion"],"openDirectories":null,"exifImages":null},"simpleReport":{"hiddenService":"berlusconi5zqmng.onion","risks":null}}
