{"hiddenService":"berlusconij6gnqp.onion","dateScanned":"2019-08-30T08:18:33.381748971Z","online":false,"performedScans":["web","tls","ssh","irc","ricochet","ftp","smtp","mongodb","vnc","xmpp","bitcoin","bitcoin_test","litecoin","dogecoin"],"webDetected":true,"tlsDetected":false,"sshDetected":false,"ricochetDetected":false,"ircDetected":false,"ftpDetected":false,"smtpDetected":false,"bitcoinDetected":false,"mongodbDetected":false,"vncDetected":false,"xmppDetected":false,"skynetDetected":false,"crawls":{"http://berlusconij6gnqp.onion/":3713054335570172364,"http://berlusconij6gnqp.onion/misc":3560048496002668152,"http://berlusconij6gnqp.onion/misc/bm-logo.jpg":2803267579340541546,"http://berlusconij6gnqp.onion/misc/bootstrap.css":8749259232287157339,"http://berlusconij6gnqp.onion/misc/captcha.php?_CAPTCHA\u0026t=0.72936600+1567153159":5404434981464370646,"http://berlusconij6gnqp.onion/misc/main.css":8268341665418983112,"http://berlusconij6gnqp.onion/misc/util.css":2769455385662547713,"http://berlusconij6gnqp.onion/private_key":1553034349848247673,"http://berlusconij6gnqp.onion/server-status":4817570333794090409},"pgpKeys":null,"certificates":null,"bitcoinServices":{"bitcoin":{"detected":false,"userAgent":"","prototocolVersion":0,"onionPeers":null},"bitcoin_test":{"detected":false,"userAgent":"","prototocolVersion":0,"onionPeers":null},"dogecoin":{"detected":false,"userAgent":"","prototocolVersion":0,"onionPeers":null},"litecoin":{"detected":false,"userAgent":"","prototocolVersion":0,"onionPeers":null}},"sshKey":"","sshBanner":"","ftpFingerprint":"","ftpBanner":"","smtpFingerprint":"","smtpBanner":"","lastAction":"dogecoin","timedOut":false,"error":null,"identifierReport":{"privateKeyDetected":false,"foundApacheModStatus":false,"serverVersion":"","relatedOnionServices":null,"relatedOnionDomains":null,"ipAddresses":null,"emailAddresses":null,"analyticsIDs":null,"bitcoinAddresses":null,"linkedOnions":["vnkqjwd3t34rhet7.onion","hky3mzk3jtmd4zt4.onion","tdzn6gxqrol2zspk.onion","f53gljhn7frv5fq3.onion","eenlakbilrpsqieh.onion","7krwabhtye636eq3.onion","berlusconiswn2ok.onion","3m2pyft7fyzjqymu.onion","berluscqui3nj4qz.onion","berlusconifsfwkp.onion","berlusconik2s42v.onion","kxpn5qb3kc7dnpsm.onion","berlusconikmpmas.onion","ds6p3fjyzqaw5ziz.onion","un3akockjbxly4nm.onion","6qgy2cfgc6kim3uc.onion","dwmaxbiun563z5x2.onion","mxxx62pa7ab6g4xt.onion","berlusconi5zqmng.onion","55j6kjwki4vjtmzp.onion"],"openDirectories":null,"exifImages":null},"simpleReport":{"hiddenService":"berlusconij6gnqp.onion","risks":null}}
