{"hiddenService":"bznjtqphs2lp4xdd.onion","dateScanned":"2019-08-31T04:12:27.466103506Z","online":false,"performedScans":["web","tls","ssh","irc","ricochet","ftp","smtp","mongodb","vnc","xmpp","bitcoin","bitcoin_test","litecoin","dogecoin"],"webDetected":true,"tlsDetected":false,"sshDetected":false,"ricochetDetected":false,"ircDetected":false,"ftpDetected":false,"smtpDetected":false,"bitcoinDetected":false,"mongodbDetected":false,"vncDetected":false,"xmppDetected":false,"skynetDetected":false,"crawls":{"http://bznjtqphs2lp4xdd.onion/":7099107869416827336,"http://bznjtqphs2lp4xdd.onion/-red.gif":8687541466857053365,"http://bznjtqphs2lp4xdd.onion/1.jpg":5068362895515751131,"http://bznjtqphs2lp4xdd.onion/1.png":7122917144848171985,"http://bznjtqphs2lp4xdd.onion/11.png":2793800678825185730,"http://bznjtqphs2lp4xdd.onion/1451.gif":383307770388359444,"http://bznjtqphs2lp4xdd.onion/NEW_bottom.jpg":1088719783075817582,"http://bznjtqphs2lp4xdd.onion/Thumbs.db":6785019151646851863,"http://bznjtqphs2lp4xdd.onion/apache.gif":6868580411344893375,"http://bznjtqphs2lp4xdd.onion/background-1647414_1280.jpg":5946962930344221950,"http://bznjtqphs2lp4xdd.onion/bg-pattern.jpg":1768561813336454274,"http://bznjtqphs2lp4xdd.onion/bggold.jpg":36894379296741933,"http://bznjtqphs2lp4xdd.onion/blue_back_small1.jpg":7940546520246963001,"http://bznjtqphs2lp4xdd.onion/bottom.jpg":936476087729043132,"http://bznjtqphs2lp4xdd.onion/css":6702209679462447616,"http://bznjtqphs2lp4xdd.onion/css/toppoker.css":8827922265187765111,"http://bznjtqphs2lp4xdd.onion/d_bg3.gif":1752881289576144394,"http://bznjtqphs2lp4xdd.onion/dsc013004.jpg":8605610615916356512,"http://bznjtqphs2lp4xdd.onion/favicon.png":5609420792345437023,"http://bznjtqphs2lp4xdd.onion/images":253561351548946600,"http://bznjtqphs2lp4xdd.onion/images/bottom.jpg":8709070035096031057,"http://bznjtqphs2lp4xdd.onion/index.css":4313221029048745501,"http://bznjtqphs2lp4xdd.onion/lines.jpg":6535022357149397193,"http://bznjtqphs2lp4xdd.onion/maintenance.gif":6044809228569966616,"http://bznjtqphs2lp4xdd.onion/news.css":5207551773776286457,"http://bznjtqphs2lp4xdd.onion/newsgroups.gif":1585337921096975101,"http://bznjtqphs2lp4xdd.onion/private_key":3240888879158235081,"http://bznjtqphs2lp4xdd.onion/red.gif":511738136827037624,"http://bznjtqphs2lp4xdd.onion/red_back3.jpg":7649474958292584083,"http://bznjtqphs2lp4xdd.onion/s.jpg":5477769524522327743,"http://bznjtqphs2lp4xdd.onion/server-status":2584466027686947836,"http://bznjtqphs2lp4xdd.onion/text-1a.jpg":1048310234999619072,"http://bznjtqphs2lp4xdd.onion/text-1b.jpg":476162248781673062,"http://bznjtqphs2lp4xdd.onion/text-2a.jpg":2175563555455765576,"http://bznjtqphs2lp4xdd.onion/text-2b.jpg":5739152019412404955,"http://bznjtqphs2lp4xdd.onion/text-3a.jpg":7587658848695175530,"http://bznjtqphs2lp4xdd.onion/text-4a.jpg":9089982159704154303,"http://bznjtqphs2lp4xdd.onion/text-4b.jpg":7420540202892022789,"http://bznjtqphs2lp4xdd.onion/text-5a.jpg":1307602400372576900,"http://bznjtqphs2lp4xdd.onion/text-blank.jpg":2324393359272927592,"http://bznjtqphs2lp4xdd.onion/textbar.jpg":5857816605805776770,"http://bznjtqphs2lp4xdd.onion/tiles.jpg":1546065102354575665,"http://bznjtqphs2lp4xdd.onion/toppoker.css":5628150330339236657,"http://bznjtqphs2lp4xdd.onion/tracker.jpg":459284614898676709,"http://bznjtqphs2lp4xdd.onion/trim-ani.jpg":2845499490512473930,"http://bznjtqphs2lp4xdd.onion/trim-black.jpg":4727631301051077630,"http://bznjtqphs2lp4xdd.onion/trim-link.jpg":2755908589915910280},"pgpKeys":null,"certificates":null,"bitcoinServices":{"bitcoin":{"detected":false,"userAgent":"","prototocolVersion":0,"onionPeers":null},"bitcoin_test":{"detected":false,"userAgent":"","prototocolVersion":0,"onionPeers":null},"dogecoin":{"detected":false,"userAgent":"","prototocolVersion":0,"onionPeers":null},"litecoin":{"detected":false,"userAgent":"","prototocolVersion":0,"onionPeers":null}},"sshKey":"","sshBanner":"","ftpFingerprint":"","ftpBanner":"","smtpFingerprint":"","smtpBanner":"","lastAction":"dogecoin","timedOut":false,"error":null,"identifierReport":{"privateKeyDetected":false,"foundApacheModStatus":false,"serverVersion":"","relatedOnionServices":null,"relatedOnionDomains":null,"ipAddresses":null,"emailAddresses":null,"analyticsIDs":null,"bitcoinAddresses":null,"linkedOnions":["www.bznjtqphs2lp4xdd.onion","jdpskjmgy6kk4urv.onion"],"openDirectories":["/images","/css"],"exifImages":null},"simpleReport":{"hiddenService":"bznjtqphs2lp4xdd.onion","risks":[{"severity":"low","title":"Small number of open directories were discovered!","description":"Why this is bad: Open directories can reveal the existence of files not linked from the sites source code. Most of the time this is benign, but sometimes operators forget to clean up more sensitive folders.","fix":"To fix, use .htaccess rules or equivalent to make reading directories listings forbidden. Quick Fix (Disable indexing globally) for Debian / Ubuntu running Apache: a2dismod autoindex as root.","items":["/images","/css"]}]}}
