{"hiddenService":"cannazon4gbjluus.onion","dateScanned":"2019-08-30T07:06:12.984676114Z","online":false,"performedScans":["web","tls","ssh","irc","ricochet","ftp","smtp","mongodb","vnc","xmpp","bitcoin","bitcoin_test","litecoin","dogecoin"],"webDetected":true,"tlsDetected":false,"sshDetected":false,"ricochetDetected":false,"ircDetected":false,"ftpDetected":false,"smtpDetected":false,"bitcoinDetected":false,"mongodbDetected":false,"vncDetected":false,"xmppDetected":false,"skynetDetected":false,"crawls":{"http://cannazon4gbjluus.onion/":3989561872194314735,"http://cannazon4gbjluus.onion/captcha":2988913234797402120,"http://cannazon4gbjluus.onion/captcha/default?baNmbvF8":7089112288508486942,"http://cannazon4gbjluus.onion/css":4426634595574494032,"http://cannazon4gbjluus.onion/css/202g980ad.css":122340792681642418,"http://cannazon4gbjluus.onion/css/bootstrap.min.css":9036364814710946755,"http://cannazon4gbjluus.onion/css/fontawesome-all.min.css":3652436142653332368,"http://cannazon4gbjluus.onion/css/phishing-protection.css":1322432109291479801,"http://cannazon4gbjluus.onion/css/styles.css":1681143731356360390,"http://cannazon4gbjluus.onion/img":5134427611609364787,"http://cannazon4gbjluus.onion/img/favicon.ico":7591441147808344066,"http://cannazon4gbjluus.onion/img/logo.png":8339932330442454945,"http://cannazon4gbjluus.onion/private_key":329651825329405369,"http://cannazon4gbjluus.onion/server-status":2785906798927066131},"pgpKeys":null,"certificates":null,"bitcoinServices":{"bitcoin":{"detected":false,"userAgent":"","prototocolVersion":0,"onionPeers":null},"bitcoin_test":{"detected":false,"userAgent":"","prototocolVersion":0,"onionPeers":null},"dogecoin":{"detected":false,"userAgent":"","prototocolVersion":0,"onionPeers":null},"litecoin":{"detected":false,"userAgent":"","prototocolVersion":0,"onionPeers":null}},"sshKey":"","sshBanner":"","ftpFingerprint":"","ftpBanner":"","smtpFingerprint":"","smtpBanner":"","lastAction":"dogecoin","timedOut":false,"error":null,"identifierReport":{"privateKeyDetected":false,"foundApacheModStatus":false,"serverVersion":"","relatedOnionServices":null,"relatedOnionDomains":null,"ipAddresses":null,"emailAddresses":null,"analyticsIDs":null,"bitcoinAddresses":null,"linkedOnions":null,"openDirectories":null,"exifImages":null},"simpleReport":{"hiddenService":"cannazon4gbjluus.onion","risks":null}}
