{"hiddenService":"coinpaymtstgtibr.onion","dateScanned":"2019-08-30T07:11:23.00596501Z","online":false,"performedScans":["web"],"webDetected":true,"tlsDetected":false,"sshDetected":false,"ricochetDetected":false,"ircDetected":false,"ftpDetected":false,"smtpDetected":false,"bitcoinDetected":false,"mongodbDetected":false,"vncDetected":false,"xmppDetected":false,"skynetDetected":false,"crawls":{"http://coinpaymtstgtibr.onion/":3254798918819596744,"http://coinpaymtstgtibr.onion/#1":6758975847945321735,"http://coinpaymtstgtibr.onion/#2":399074600067595885,"http://coinpaymtstgtibr.onion/#q1":9041836326829495852,"http://coinpaymtstgtibr.onion/#q2":7450221101419492660,"http://coinpaymtstgtibr.onion/#q3":3236178103726297995,"http://coinpaymtstgtibr.onion/#q4":1462329994174617093,"http://coinpaymtstgtibr.onion/#q5":5186698301165092018,"http://coinpaymtstgtibr.onion/#typeCrypto":5011445572018434208,"http://coinpaymtstgtibr.onion/#typeFiat":1600560875294375515,"http://coinpaymtstgtibr.onion/#typeRipple":7087530108877646545,"http://coinpaymtstgtibr.onion/$CoinPayments":1154314911121399761,"http://coinpaymtstgtibr.onion/acct-home":1798725288356696691,"http://coinpaymtstgtibr.onion/acct-settings":2646450437858052270,"http://coinpaymtstgtibr.onion/apidoc":5100967943913186538,"http://coinpaymtstgtibr.onion/apidoc-accepting":3206783949812686880,"http://coinpaymtstgtibr.onion/apidoc-balances":3485743100054658506,"http://coinpaymtstgtibr.onion/apidoc-buy-pbn-tags":6160795052411019952,"http://coinpaymtstgtibr.onion/apidoc-claim-pbn-coupon":3786137744897259153,"http://coinpaymtstgtibr.onion/apidoc-claim-pbn-tag":3646176412628028689,"http://coinpaymtstgtibr.onion/apidoc-code":1446702989038003871,"http://coinpaymtstgtibr.onion/apidoc-convert":4086776658848184433,"http://coinpaymtstgtibr.onion/apidoc-convert-limits":388395646040270216,"http://coinpaymtstgtibr.onion/apidoc-create-transaction":294086001373579779,"http://coinpaymtstgtibr.onion/apidoc-create-transfer":7853245124502368376,"http://coinpaymtstgtibr.onion/apidoc-create-withdrawal":1195303348543557948,"http://coinpaymtstgtibr.onion/apidoc-delete-pbn-tag":1543595245478718638,"http://coinpaymtstgtibr.onion/apidoc-get-basic-info":2505769070198497237,"http://coinpaymtstgtibr.onion/apidoc-get-callback-address":515836846691348070,"http://coinpaymtstgtibr.onion/apidoc-get-conversion-info":6313691216466126356,"http://coinpaymtstgtibr.onion/apidoc-get-deposit-address":274862533548709060,"http://coinpaymtstgtibr.onion/apidoc-get-pbn-info":8267268810776192432,"http://coinpaymtstgtibr.onion/apidoc-get-pbn-list":4014293241944867962,"http://coinpaymtstgtibr.onion/apidoc-get-tx-ids":5041709081243525831,"http://coinpaymtstgtibr.onion/apidoc-get-tx-info":3194549077061533615,"http://coinpaymtstgtibr.onion/apidoc-get-withdrawal-history":4629934552800165293,"http://coinpaymtstgtibr.onion/apidoc-get-withdrawal-info":5038248120536780914,"http://coinpaymtstgtibr.onion/apidoc-intro":45456680164270459,"http://coinpaymtstgtibr.onion/apidoc-rates":2750289376082542078,"http://coinpaymtstgtibr.onion/apidoc-renew-pbn-tag":7182751039150755678,"http://coinpaymtstgtibr.onion/apidoc-update-pbn-tag":9135457410670918633,"http://coinpaymtstgtibr.onion/apps":1829400477919577241,"http://coinpaymtstgtibr.onion/assets":430563525044293720,"http://coinpaymtstgtibr.onion/assets/shopify_logo_black.png":4516289655711687909,"http://coinpaymtstgtibr.onion/coinhosting":2628172440107227303,"http://coinpaymtstgtibr.onion/contact":8667362650528042178,"http://coinpaymtstgtibr.onion/css":6809700187711466364,"http://coinpaymtstgtibr.onion/css/cpmain.webflow.css":5427524128981438777,"http://coinpaymtstgtibr.onion/css/login.css":3173160519263541618,"http://coinpaymtstgtibr.onion/css/style.main.css":5168583560371936070,"http://coinpaymtstgtibr.onion/css/webflow.css":1576423767487855197,"http://coinpaymtstgtibr.onion/deps/bootstrap-slider/bootstrap-slider.min.js":7364221230491383177,"http://coinpaymtstgtibr.onion/deps/bootstrap-slider/css/bootstrap-slider.min.css":2051220339369432218,"http://coinpaymtstgtibr.onion/deps/bootstrap/css/bootstrap.min.css":133341977328869651,"http://coinpaymtstgtibr.onion/deps/bootstrap/js/bootstrap.min.js":2759061535901599072,"http://coinpaymtstgtibr.onion/deps/captcha/securimage_show.php":8427612421971400445,"http://coinpaymtstgtibr.onion/deps/flipcounter/jquery.flipcounter.css":7769866135233589117,"http://coinpaymtstgtibr.onion/deps/flipcounter/jquery.flipcounter.js":5337638842018215038,"http://coinpaymtstgtibr.onion/deps/flipcounter/jstween-1.1.min.js":1839331109190607553,"http://coinpaymtstgtibr.onion/deps/font-awesome/css/font-awesome.min.css":1306257892511352490,"http://coinpaymtstgtibr.onion/deps/fonts/css/fonts.css":2416885407027015931,"http://coinpaymtstgtibr.onion/deps/jquery/jquery.min.js":7310521630769484361,"http://coinpaymtstgtibr.onion/deps/js/stacktable.min.js":7507382682870528324,"http://coinpaymtstgtibr.onion/downloads":7381583529861314069,"http://coinpaymtstgtibr.onion/downloads/C0316DB412DF313490DE53267C9BB8B772F0BFA0.asc":4341702207470900789,"http://coinpaymtstgtibr.onion/downloads/CoinPayments_Privacy_Policy.pdf":8241444181436999637,"http://coinpaymtstgtibr.onion/downloads/ShopifySetup.pdf":9217936056340824874,"http://coinpaymtstgtibr.onion/downloads/X-Cart_v5.3.tar":252957084045762150,"http://coinpaymtstgtibr.onion/downloads/amember_coinpayments.zip":6439288823388293902,"http://coinpaymtstgtibr.onion/downloads/api-example.phps":2176157375361502651,"http://coinpaymtstgtibr.onion/downloads/blesta_coinpayments.zip":5467396346221320109,"http://coinpaymtstgtibr.onion/downloads/boxbilling_coinpayments.zip":609049236002892818,"http://coinpaymtstgtibr.onion/downloads/business-directory-plugin_coinpayments.zip":4020548911374520786,"http://coinpaymtstgtibr.onion/downloads/coinpayments-phplib-1.1.zip":4185536925353654290,"http://coinpaymtstgtibr.onion/downloads/coinpayments.ocmod.zip":4137049655239539238,"http://coinpaymtstgtibr.onion/downloads/coinpayments_arasttal.zip":726012485390101334,"http://coinpaymtstgtibr.onion/downloads/coinpayments_edd_currencies.zip":4453365196045719228,"http://coinpaymtstgtibr.onion/downloads/cpipn.phps":5516903423547074727,"http://coinpaymtstgtibr.onion/downloads/drupal_commerce_coinpayments.zip":7794792498710545786,"http://coinpaymtstgtibr.onion/downloads/edd_coinpayments.zip":3871408705380253431,"http://coinpaymtstgtibr.onion/downloads/hikashop_coinpayments.zip":8440975701361937455,"http://coinpaymtstgtibr.onion/downloads/libCoinPaymentsNET.cs":7208223224534481066,"http://coinpaymtstgtibr.onion/downloads/magento_coinpayments.zip":5671506122225536619,"http://coinpaymtstgtibr.onion/downloads/opencart20_coinpayments.zip":4581092416830022123,"http://coinpaymtstgtibr.onion/downloads/opencart23_coinpayments.zip":4000347830413063872,"http://coinpaymtstgtibr.onion/downloads/opencart_coinpayments.zip":583519911198978710,"http://coinpaymtstgtibr.onion/downloads/opencart_exchange_rates_coinpayments.zip":3775560697370567299,"http://coinpaymtstgtibr.onion/downloads/osc_coinpayments.zip":5896914135483997193,"http://coinpaymtstgtibr.onion/downloads/prestashop_15_coinpayments.zip":5627096419949858462,"http://coinpaymtstgtibr.onion/downloads/prestashop_17_coinpayments.zip":1459122623258197413,"http://coinpaymtstgtibr.onion/downloads/tomatocart_coinpayments.zip":129678046286555586,"http://coinpaymtstgtibr.onion/downloads/ubercart_coinpayments.zip":7684528784086998013,"http://coinpaymtstgtibr.onion/downloads/whmcs_coinpayments.zip":5715709366778471332,"http://coinpaymtstgtibr.onion/downloads/wp_e-commerce_coinpayments.zip":5983749033866256809,"http://coinpaymtstgtibr.onion/downloads/zen_coinpayments.zip":1183410251420772278,"http://coinpaymtstgtibr.onion/feedback-1bd758e0bd6e8cc683f573f99c5cddd7":7703229564625044058,"http://coinpaymtstgtibr.onion/feedback-24003888e0f8e7cf88dd3dc6bec1b4d2":2079127973249156312,"http://coinpaymtstgtibr.onion/feedback-2d2d9da7e053619e618c0069086026a9":1436385217443461223,"http://coinpaymtstgtibr.onion/feedback-7226958561ec777239c757c8ac96da61":4041232772987768704,"http://coinpaymtstgtibr.onion/feedback-78cdbdb4e94e96530225e5d330d08375":9192849843779604528,"http://coinpaymtstgtibr.onion/feedback-7ef4564ebce84b9fac9d160810dd0c8d":2849125132323112827,"http://coinpaymtstgtibr.onion/feedback-9f17e6704735dc25d2ac0fad52c0e6d1":7933292156690583965,"http://coinpaymtstgtibr.onion/feedback-bf9ff7604894b1b1c4f59e31317e4f37":2643273067097895667,"http://coinpaymtstgtibr.onion/feedback-c153157848d47f1499105f7b3ffa3558":1325166225486946016,"http://coinpaymtstgtibr.onion/forgot":3123381565219422747,"http://coinpaymtstgtibr.onion/help":7367361073244287922,"http://coinpaymtstgtibr.onion/help-affil":5001539699949670648,"http://coinpaymtstgtibr.onion/help-bug-bounty":9017928273517385611,"http://coinpaymtstgtibr.onion/help-charity-vote":1543939151409769282,"http://coinpaymtstgtibr.onion/help-contact":6276804665364111586,"http://coinpaymtstgtibr.onion/help-ecwid":5931372305803964204,"http://coinpaymtstgtibr.onion/help-faq":5761386492322811506,"http://coinpaymtstgtibr.onion/help-fees":4189947763642734965,"http://coinpaymtstgtibr.onion/help-mass-withdrawal":8717140754446066918,"http://coinpaymtstgtibr.onion/help-paypal-passthru":6271663067206726246,"http://coinpaymtstgtibr.onion/help-privacy":2839903608310193607,"http://coinpaymtstgtibr.onion/help-restricted":6241562934945336459,"http://coinpaymtstgtibr.onion/help-signed-emails":8572214626210948934,"http://coinpaymtstgtibr.onion/help-support":7800104719336206552,"http://coinpaymtstgtibr.onion/help-terms":9116311110623265885,"http://coinpaymtstgtibr.onion/help-testnet":8301108352017128473,"http://coinpaymtstgtibr.onion/help-translate":2105760347017934393,"http://coinpaymtstgtibr.onion/images":271868173557687993,"http://coinpaymtstgtibr.onion/images/airdrop.png":5957675721775218455,"http://coinpaymtstgtibr.onion/images/coins":4519809222104891534,"http://coinpaymtstgtibr.onion/images/coins/APL.png":1997235540483799054,"http://coinpaymtstgtibr.onion/images/coins/ARS.png":5250138942020336388,"http://coinpaymtstgtibr.onion/images/coins/AUD.png":1001657097934700810,"http://coinpaymtstgtibr.onion/images/coins/AYA.png":6395628913474112102,"http://coinpaymtstgtibr.onion/images/coins/BAD.png":2645048719119313271,"http://coinpaymtstgtibr.onion/images/coins/BCH.png":1397815936069311460,"http://coinpaymtstgtibr.onion/images/coins/BCN.png":5520571881259681716,"http://coinpaymtstgtibr.onion/images/coins/BEAM.png":1761431892769783440,"http://coinpaymtstgtibr.onion/images/coins/BGN.png":7770908523875946073,"http://coinpaymtstgtibr.onion/images/coins/BITB.png":3517520999418558078,"http://coinpaymtstgtibr.onion/images/coins/BLK.png":4649041907223007,"http://coinpaymtstgtibr.onion/images/coins/BRL.png":3333222956404366462,"http://coinpaymtstgtibr.onion/images/coins/BSV.png":1441422036019191020,"http://coinpaymtstgtibr.onion/images/coins/BTAD.png":3786192145770447293,"http://coinpaymtstgtibr.onion/images/coins/BTC.png":6919407368576633384,"http://coinpaymtstgtibr.onion/images/coins/BTCLN.png":1293438036526370648,"http://coinpaymtstgtibr.onion/images/coins/BTG.png":5991756356656035962,"http://coinpaymtstgtibr.onion/images/coins/BTT.png":5336564954325440411,"http://coinpaymtstgtibr.onion/images/coins/BYN.png":6219051475117836780,"http://coinpaymtstgtibr.onion/images/coins/CAD.png":4919772370045981050,"http://coinpaymtstgtibr.onion/images/coins/CHF.png":3255165573894856812,"http://coinpaymtstgtibr.onion/images/coins/CLOAK.png":4778531475436588044,"http://coinpaymtstgtibr.onion/images/coins/CLP.png":1331678206275916290,"http://coinpaymtstgtibr.onion/images/coins/CLUB.png":8799731515268679290,"http://coinpaymtstgtibr.onion/images/coins/CNY.png":5518883164475607611,"http://coinpaymtstgtibr.onion/images/coins/COP.png":7226444108494468677,"http://coinpaymtstgtibr.onion/images/coins/CPS.png":4909808409560785091,"http://coinpaymtstgtibr.onion/images/coins/CRW.png":2449518741125746297,"http://coinpaymtstgtibr.onion/images/coins/CRYP.png":3623307960979603355,"http://coinpaymtstgtibr.onion/images/coins/CRYT.png":5835564463295980482,"http://coinpaymtstgtibr.onion/images/coins/CURE.png":8256143576521891315,"http://coinpaymtstgtibr.onion/images/coins/CZK.png":8818403589401552690,"http://coinpaymtstgtibr.onion/images/coins/DASH.png":846335469470975958,"http://coinpaymtstgtibr.onion/images/coins/DCR.png":1766680618633865992,"http://coinpaymtstgtibr.onion/images/coins/DEV.png":1912140774456363424,"http://coinpaymtstgtibr.onion/images/coins/DKK.png":615013587507499500,"http://coinpaymtstgtibr.onion/images/coins/DOGE.png":8455787592046220823,"http://coinpaymtstgtibr.onion/images/coins/EBST.png":61292153920255293,"http://coinpaymtstgtibr.onion/images/coins/EOS.png":762838936229590159,"http://coinpaymtstgtibr.onion/images/coins/ETC.png":8061864383053525606,"http://coinpaymtstgtibr.onion/images/coins/ETH.png":8042074870880368882,"http://coinpaymtstgtibr.onion/images/coins/ETN.png":3227770622971954960,"http://coinpaymtstgtibr.onion/images/coins/EUNO.png":4598865641227279647,"http://coinpaymtstgtibr.onion/images/coins/EUR.png":1359019108892647561,"http://coinpaymtstgtibr.onion/images/coins/EXP.png":8691182978182715917,"http://coinpaymtstgtibr.onion/images/coins/FLASH.png":1665975153225621393,"http://coinpaymtstgtibr.onion/images/coins/GAME.png":4360179789392795767,"http://coinpaymtstgtibr.onion/images/coins/GBP.png":6726013711761703372,"http://coinpaymtstgtibr.onion/images/coins/GEL.png":5438618160329045455,"http://coinpaymtstgtibr.onion/images/coins/GIP.png":3965889017379398323,"http://coinpaymtstgtibr.onion/images/coins/GLC.png":7219132887689718534,"http://coinpaymtstgtibr.onion/images/coins/GRS.png":5193803554229092315,"http://coinpaymtstgtibr.onion/images/coins/HKD.png":5484434091510334148,"http://coinpaymtstgtibr.onion/images/coins/HUF.png":2066064704750442087,"http://coinpaymtstgtibr.onion/images/coins/IDR.png":3977747231046957366,"http://coinpaymtstgtibr.onion/images/coins/ILS.png":780082595378653634,"http://coinpaymtstgtibr.onion/images/coins/INR.png":7735595893643472028,"http://coinpaymtstgtibr.onion/images/coins/IRR.png":7875186632999776223,"http://coinpaymtstgtibr.onion/images/coins/ISK.png":5548282383179343346,"http://coinpaymtstgtibr.onion/images/coins/JPY.png":1086481117649201610,"http://coinpaymtstgtibr.onion/images/coins/KMD.png":4674112903409978875,"http://coinpaymtstgtibr.onion/images/coins/KRW.png":8912478847600996452,"http://coinpaymtstgtibr.onion/images/coins/KYD.png":6562922742964337823,"http://coinpaymtstgtibr.onion/images/coins/LAK.png":4682324681293817952,"http://coinpaymtstgtibr.onion/images/coins/LOKI.png":3734949574551389025,"http://coinpaymtstgtibr.onion/images/coins/LSK.png":8338222403032131420,"http://coinpaymtstgtibr.onion/images/coins/LTC.png":5380851743501287309,"http://coinpaymtstgtibr.onion/images/coins/LTCT.png":5013797654423242965,"http://coinpaymtstgtibr.onion/images/coins/MAID.png":1238667553792628780,"http://coinpaymtstgtibr.onion/images/coins/MUE.png":1062972094910292094,"http://coinpaymtstgtibr.onion/images/coins/MXN.png":3201679129018857291,"http://coinpaymtstgtibr.onion/images/coins/MYR.png":5184120392674302087,"http://coinpaymtstgtibr.onion/images/coins/NAV.png":4057848007609807645,"http://coinpaymtstgtibr.onion/images/coins/NEO.png":301636301253118124,"http://coinpaymtstgtibr.onion/images/coins/NGN.png":3543576985759121797,"http://coinpaymtstgtibr.onion/images/coins/NMC.png":8729023694132446408,"http://coinpaymtstgtibr.onion/images/coins/NOK.png":6207897147925802665,"http://coinpaymtstgtibr.onion/images/coins/NVST.png":5300947853269531928,"http://coinpaymtstgtibr.onion/images/coins/NXT.png":99575723529469665,"http://coinpaymtstgtibr.onion/images/coins/NZD.png":2640777533724511492,"http://coinpaymtstgtibr.onion/images/coins/OMNI.png":7828354390153128382,"http://coinpaymtstgtibr.onion/images/coins/PHP.png":8224987279320599096,"http://coinpaymtstgtibr.onion/images/coins/PINK.png":7341936639594022950,"http://coinpaymtstgtibr.onion/images/coins/PIVX.png":6698175023154531387,"http://coinpaymtstgtibr.onion/images/coins/PKR.png":2795547039301148883,"http://coinpaymtstgtibr.onion/images/coins/PLN.png":4189677543499964241,"http://coinpaymtstgtibr.onion/images/coins/POT.png":41568459716461494,"http://coinpaymtstgtibr.onion/images/coins/PPC.png":7753322244140487020,"http://coinpaymtstgtibr.onion/images/coins/PROC.png":2117125357743362610,"http://coinpaymtstgtibr.onion/images/coins/PURA.png":1919409367290391942,"http://coinpaymtstgtibr.onion/images/coins/QTUM.png":5240762952068135207,"http://coinpaymtstgtibr.onion/images/coins/RES.png":8909348633832030342,"http://coinpaymtstgtibr.onion/images/coins/RON.png":6036035093129908852,"http://coinpaymtstgtibr.onion/images/coins/RUB.png":8003813070978324073,"http://coinpaymtstgtibr.onion/images/coins/RVN.png":2737226188116426398,"http://coinpaymtstgtibr.onion/images/coins/SBD.png":3053988055520435903,"http://coinpaymtstgtibr.onion/images/coins/SEK.png":7520724167771919164,"http://coinpaymtstgtibr.onion/images/coins/SGD.png":3288420877575488634,"http://coinpaymtstgtibr.onion/images/coins/SMART.png":6678738859207156176,"http://coinpaymtstgtibr.onion/images/coins/SOXAX.png":4968772384662417676,"http://coinpaymtstgtibr.onion/images/coins/STEEM.png":9088620908534850831,"http://coinpaymtstgtibr.onion/images/coins/STRAT.png":3727364353205595952,"http://coinpaymtstgtibr.onion/images/coins/SYS.png":6138390060769193615,"http://coinpaymtstgtibr.onion/images/coins/THB.png":1532839615798252611,"http://coinpaymtstgtibr.onion/images/coins/TPAY.png":8909221704635341579,"http://coinpaymtstgtibr.onion/images/coins/TRIGGERS.png":2891793761312123068,"http://coinpaymtstgtibr.onion/images/coins/TRX.png":6090691070901551030,"http://coinpaymtstgtibr.onion/images/coins/TRY.png":6619322307331676908,"http://coinpaymtstgtibr.onion/images/coins/TWD.png":7493270416661240114,"http://coinpaymtstgtibr.onion/images/coins/UAH.png":4613515157340329806,"http://coinpaymtstgtibr.onion/images/coins/UBQ.png":6688836050617659846,"http://coinpaymtstgtibr.onion/images/coins/UNIT.png":4555172078531099571,"http://coinpaymtstgtibr.onion/images/coins/USD.png":2645529061565096930,"http://coinpaymtstgtibr.onion/images/coins/USDT.png":3342463652505477778,"http://coinpaymtstgtibr.onion/images/coins/VLX.png":4572821960043824356,"http://coinpaymtstgtibr.onion/images/coins/VTC.png":6759073805168394644,"http://coinpaymtstgtibr.onion/images/coins/WAVES.png":1841410542453340685,"http://coinpaymtstgtibr.onion/images/coins/XCP.png":5628025953602235608,"http://coinpaymtstgtibr.onion/images/coins/XEM.png":82820779684014566,"http://coinpaymtstgtibr.onion/images/coins/XMR.png":8883433220065902639,"http://coinpaymtstgtibr.onion/images/coins/XRP.png":1256926429564920870,"http://coinpaymtstgtibr.onion/images/coins/XSN.png":6701476610328630393,"http://coinpaymtstgtibr.onion/images/coins/XSR.png":3704724284646053208,"http://coinpaymtstgtibr.onion/images/coins/XVG.png":6074832509314924775,"http://coinpaymtstgtibr.onion/images/coins/XZC.png":3654147927883656432,"http://coinpaymtstgtibr.onion/images/coins/ZAR.png":2503648435468243544,"http://coinpaymtstgtibr.onion/images/coins/ZEC.png":8524945938341615200,"http://coinpaymtstgtibr.onion/images/coins/ZEN.png":7034558985359239027,"http://coinpaymtstgtibr.onion/images/coins/blank.png":1201214687835546925,"http://coinpaymtstgtibr.onion/images/cstyle":1657204326246139461,"http://coinpaymtstgtibr.onion/images/cstyle/grid1.png":792888648474746733,"http://coinpaymtstgtibr.onion/images/cstyle/grid2.png":4335845920244664068,"http://coinpaymtstgtibr.onion/images/cstyle/list1.png":5830203515565763015,"http://coinpaymtstgtibr.onion/images/feedback":1772391193536978998,"http://coinpaymtstgtibr.onion/images/feedback/neg.png":5155057190436265285,"http://coinpaymtstgtibr.onion/images/feedback/neutral.png":3442747513493413320,"http://coinpaymtstgtibr.onion/images/feedback/pos.png":6590269561279680791,"http://coinpaymtstgtibr.onion/images/gap600.png":4656816052031671388,"http://coinpaymtstgtibr.onion/images/loader.gif":6416191123467991609,"http://coinpaymtstgtibr.onion/images/logo.png":2692136565237384099,"http://coinpaymtstgtibr.onion/images/new2/56eb9a950d31fd2d12429969_cointelegraph_bznvas.png":6909488927363031551,"http://coinpaymtstgtibr.onion/images/new2/56f501bb144965375095c8bc_Safe-100.png":2199038768109486808,"http://coinpaymtstgtibr.onion/images/new2/56f501cb7fad3d0328fde2b1_US%20Dollar-100.png":4302689039244697832,"http://coinpaymtstgtibr.onion/images/new2/56f501d309aaef325092e43c_Data%20in%20Both%20Directions-100.png":3256395900838701279,"http://coinpaymtstgtibr.onion/images/new2/56f5022a8c821b80677a2583_Keypad-96.png":1155788187542632862,"http://coinpaymtstgtibr.onion/images/new2/56f502d37fad3d0328fde3e4_Wallet-100.png":3641381760891018414,"http://coinpaymtstgtibr.onion/images/new2/Bitcoin-100.png":9185224021575725180,"http://coinpaymtstgtibr.onion/images/new2/Coindesk-logo.png":5490656528229784575,"http://coinpaymtstgtibr.onion/images/new2/Engineering-100.png":9110028013382383786,"http://coinpaymtstgtibr.onion/images/new2/Fingerprint-100.png":6140975297498325361,"http://coinpaymtstgtibr.onion/images/new2/Gift-100.png":1337104928791776501,"http://coinpaymtstgtibr.onion/images/new2/Invoice-100%20%281%29.png":3808220686162446359,"http://coinpaymtstgtibr.onion/images/new2/Keypad-96%20%282%29.png":2308917227900000786,"http://coinpaymtstgtibr.onion/images/new2/Plus-100.png":311219849150657431,"http://coinpaymtstgtibr.onion/images/new2/Reuters_logo.png":5402281227909746209,"http://coinpaymtstgtibr.onion/images/new2/Shop-100.png":301955185274045183,"http://coinpaymtstgtibr.onion/images/new2/Shopping%20Cart%20Loaded-100.png":3343745000927589371,"http://coinpaymtstgtibr.onion/images/new2/Source%20Code-100%20%281%29.png":3080940757342091978,"http://coinpaymtstgtibr.onion/images/new2/apps.png":7260073867920693163,"http://coinpaymtstgtibr.onion/images/new2/bwlogo_extreme.png":8381488387093904328,"http://coinpaymtstgtibr.onion/images/new2/bwlogo_extreme_1.png":732473313469012885,"http://coinpaymtstgtibr.onion/images/new2/header-logo-x2.png":3893363946829998092,"http://coinpaymtstgtibr.onion/images/new2/images.png":8112331615995286315,"http://coinpaymtstgtibr.onion/images/new2/magento-logo.png":5945058967658898357,"http://coinpaymtstgtibr.onion/images/new2/opencart.png":5347796870315883346,"http://coinpaymtstgtibr.onion/images/new2/oscommerce.png":5488722001426148974,"http://coinpaymtstgtibr.onion/images/new2/rtr_ahz_rgb_wht.png":6791805239526909999,"http://coinpaymtstgtibr.onion/images/new2/shopify_logo.png":9071412552708543849,"http://coinpaymtstgtibr.onion/images/new2/whmcs-logo.png":3373950455937029392,"http://coinpaymtstgtibr.onion/images/new2/whmcs_logo.jpg":9179077921496078451,"http://coinpaymtstgtibr.onion/images/new2/woocommerce-review-logo.png":504445807009744194,"http://coinpaymtstgtibr.onion/images/new2/yahoofinance-logo.png":1304007672118397332,"http://coinpaymtstgtibr.onion/images/new2/yahoofinance-logo_1.png":8645710661913493330,"http://coinpaymtstgtibr.onion/images/plugins/amemberpro.gif":6960092109911370158,"http://coinpaymtstgtibr.onion/images/plugins/arastta.png":1215902197597290284,"http://coinpaymtstgtibr.onion/images/plugins/blesta.png":4903011060875580911,"http://coinpaymtstgtibr.onion/images/plugins/box-billing.png":1134059480136807729,"http://coinpaymtstgtibr.onion/images/plugins/businessdir.png":63260284346568893,"http://coinpaymtstgtibr.onion/images/plugins/drupal_commerce.png":6620404252784886023,"http://coinpaymtstgtibr.onion/images/plugins/e_edd-logo.png":409704428945103388,"http://coinpaymtstgtibr.onion/images/plugins/ecwid.png":7365157928291235320,"http://coinpaymtstgtibr.onion/images/plugins/hikashop.png":5188548835475770576,"http://coinpaymtstgtibr.onion/images/plugins/magento-logo.png":2906584698837913660,"http://coinpaymtstgtibr.onion/images/plugins/opencart.png":3403949250200241771,"http://coinpaymtstgtibr.onion/images/plugins/oscommerce.png":3887338249702691547,"http://coinpaymtstgtibr.onion/images/plugins/prestashop.png":3296355017063177238,"http://coinpaymtstgtibr.onion/images/plugins/shopify.png":5233832527632591495,"http://coinpaymtstgtibr.onion/images/plugins/shopware.png":9221865664230753590,"http://coinpaymtstgtibr.onion/images/plugins/tomatocart.png":6289081849103973559,"http://coinpaymtstgtibr.onion/images/plugins/ubercart.png":8176633841444586626,"http://coinpaymtstgtibr.onion/images/plugins/virtuemart.png":1389562100535297665,"http://coinpaymtstgtibr.onion/images/plugins/whmcs-logo.png":3332299109849094405,"http://coinpaymtstgtibr.onion/images/plugins/woocommerce_logo.png":6189177693572326103,"http://coinpaymtstgtibr.onion/images/plugins/wp-ecommerce.png":2397677607846724408,"http://coinpaymtstgtibr.onion/images/plugins/x-cart-logo.png":2732779547468619575,"http://coinpaymtstgtibr.onion/images/plugins/zen-cart-logo.png":7098380197714593998,"http://coinpaymtstgtibr.onion/images/pub":8973169182652235472,"http://coinpaymtstgtibr.onion/images/supwiz":372928723631924153,"http://coinpaymtstgtibr.onion/images/supwiz/buyer_payment_id_1.png":3696102692225506735,"http://coinpaymtstgtibr.onion/images/supwiz/buyer_payment_id_2.png":1698061697874437082,"http://coinpaymtstgtibr.onion/index.php?cmd=acct_api_keys":4975116232005765421,"http://coinpaymtstgtibr.onion/index.php?cmd=acct_coins":6549289108705026847,"http://coinpaymtstgtibr.onion/index.php?cmd=acct_settings":6518036131647163480,"http://coinpaymtstgtibr.onion/index.php?cmd=feedback\u0026sub=view\u0026id=2d2d9da7e053619e618c0069086026a9\u0026page=1":7521406909447889025,"http://coinpaymtstgtibr.onion/index.php?cmd=feedback\u0026sub=view\u0026id=2d2d9da7e053619e618c0069086026a9\u0026page=2":2575333383164631564,"http://coinpaymtstgtibr.onion/index.php?cmd=feedback\u0026sub=view\u0026id=2d2d9da7e053619e618c0069086026a9\u0026page=3":2231509827528661351,"http://coinpaymtstgtibr.onion/index.php?cmd=feedback\u0026sub=view\u0026id=7ef4564ebce84b9fac9d160810dd0c8d\u0026page=1":3020713118595996689,"http://coinpaymtstgtibr.onion/index.php?cmd=feedback\u0026sub=view\u0026id=7ef4564ebce84b9fac9d160810dd0c8d\u0026page=2":1801147524799044440,"http://coinpaymtstgtibr.onion/index.php?cmd=feedback\u0026sub=view\u0026id=be1891193e57d28ba5a05114f8d618d2":8188030901991802823,"http://coinpaymtstgtibr.onion/index.php?cmd=feedback\u0026sub=view\u0026id=be1891193e57d28ba5a05114f8d618d2\u0026page=1":3338755440931858326,"http://coinpaymtstgtibr.onion/index.php?cmd=feedback\u0026sub=view\u0026id=be1891193e57d28ba5a05114f8d618d2\u0026page=2":3383313229574019480,"http://coinpaymtstgtibr.onion/index.php?cmd=feedback\u0026sub=view\u0026id=be1891193e57d28ba5a05114f8d618d2\u0026page=3":7901993253859323993,"http://coinpaymtstgtibr.onion/index.php?cmd=feedback\u0026sub=view\u0026id=be1891193e57d28ba5a05114f8d618d2\u0026page=4":8838753796255918008,"http://coinpaymtstgtibr.onion/index.php?cmd=feedback\u0026sub=view\u0026id=be1891193e57d28ba5a05114f8d618d2\u0026page=5":73262128959560075,"http://coinpaymtstgtibr.onion/index.php?cmd=feedback\u0026sub=view\u0026id=be1891193e57d28ba5a05114f8d618d2\u0026page=6":408680689947009568,"http://coinpaymtstgtibr.onion/index.php?cmd=feedback\u0026sub=view\u0026id=be1891193e57d28ba5a05114f8d618d2\u0026page=7":8532306442147938155,"http://coinpaymtstgtibr.onion/index.php?cmd=feedback\u0026sub=view\u0026id=be1891193e57d28ba5a05114f8d618d2\u0026page=8":952162655780859038,"http://coinpaymtstgtibr.onion/index.php?cmd=feedback\u0026sub=view\u0026id=be1891193e57d28ba5a05114f8d618d2\u0026page=9":3834160825737330189,"http://coinpaymtstgtibr.onion/js":3967320372920567066,"http://coinpaymtstgtibr.onion/js/bulma.js":7661035835672109494,"http://coinpaymtstgtibr.onion/js/modernizr.js":346568294620104377,"http://coinpaymtstgtibr.onion/js/sres.js":5626021749244149940,"http://coinpaymtstgtibr.onion/js/warning.js":8064020259093699156,"http://coinpaymtstgtibr.onion/js/webflow.js":246728278015873791,"http://coinpaymtstgtibr.onion/login":1076823312920204227,"http://coinpaymtstgtibr.onion/login?return=acct_req_ltct":4857792019148851459,"http://coinpaymtstgtibr.onion/login?return=support_wizard\u0026id=conversions":3615260929546758148,"http://coinpaymtstgtibr.onion/login?return=support_wizard\u0026id=merchant":1318687854145461311,"http://coinpaymtstgtibr.onion/login?return=support_wizard\u0026id=wallet":6739224441540263741,"http://coinpaymtstgtibr.onion/merchant-tools":839129382889782772,"http://coinpaymtstgtibr.onion/merchant-tools-button-examples":2363463894029087316,"http://coinpaymtstgtibr.onion/merchant-tools-button-maker":3197321793940347259,"http://coinpaymtstgtibr.onion/merchant-tools-buttons":5515189074553373736,"http://coinpaymtstgtibr.onion/merchant-tools-cart":7317012431958964106,"http://coinpaymtstgtibr.onion/merchant-tools-cart-examples":8239475212549220877,"http://coinpaymtstgtibr.onion/merchant-tools-cart-images":4437019116666290057,"http://coinpaymtstgtibr.onion/merchant-tools-cstyle":7456936801232396797,"http://coinpaymtstgtibr.onion/merchant-tools-donation-examples":2430788327049851952,"http://coinpaymtstgtibr.onion/merchant-tools-donation-maker":927642934875234288,"http://coinpaymtstgtibr.onion/merchant-tools-donations":8912298876301457674,"http://coinpaymtstgtibr.onion/merchant-tools-ipn":9144182040929413699,"http://coinpaymtstgtibr.onion/merchant-tools-ipn#auth":7296693321695708108,"http://coinpaymtstgtibr.onion/merchant-tools-ipn#code":6147501249696049518,"http://coinpaymtstgtibr.onion/merchant-tools-ipn#fields":7519303912357457686,"http://coinpaymtstgtibr.onion/merchant-tools-ipn#intro":2177845155705927160,"http://coinpaymtstgtibr.onion/merchant-tools-ipn#retries":4455358171009724999,"http://coinpaymtstgtibr.onion/merchant-tools-ipn#setup":984245864765771512,"http://coinpaymtstgtibr.onion/merchant-tools-ipn#statuses":6625626921705685643,"http://coinpaymtstgtibr.onion/merchant-tools-plugins":2213040176248366808,"http://coinpaymtstgtibr.onion/merchant-tools-pos":8239327001547395301,"http://coinpaymtstgtibr.onion/merchant-tools-pos-link":8529575988971272763,"http://coinpaymtstgtibr.onion/merchant-tools-request":5994751382203358040,"http://coinpaymtstgtibr.onion/merchant-tools-simple":972107785724255733,"http://coinpaymtstgtibr.onion/merchant-tools-simple-examples":5501589713998200429,"http://coinpaymtstgtibr.onion/merchant-tools-simple-maker":3673755288395314476,"http://coinpaymtstgtibr.onion/merchant-tools-tutorial":1109681495837119939,"http://coinpaymtstgtibr.onion/private_key":1759534939562257511,"http://coinpaymtstgtibr.onion/register":3057120559084531369,"http://coinpaymtstgtibr.onion/server-status":2825729478940170862,"http://coinpaymtstgtibr.onion/set_lang?lang=de":7454858087191562457,"http://coinpaymtstgtibr.onion/set_lang?lang=en":5239616753913434672,"http://coinpaymtstgtibr.onion/set_lang?lang=es":5108767015101988772,"http://coinpaymtstgtibr.onion/set_lang?lang=fa":7322039394361212254,"http://coinpaymtstgtibr.onion/set_lang?lang=fr":7773828620899899085,"http://coinpaymtstgtibr.onion/set_lang?lang=hi":5837334207861440131,"http://coinpaymtstgtibr.onion/set_lang?lang=hu":6868257691318426038,"http://coinpaymtstgtibr.onion/set_lang?lang=it":1697644686349736804,"http://coinpaymtstgtibr.onion/set_lang?lang=jp":8514567421147365221,"http://coinpaymtstgtibr.onion/set_lang?lang=ko":2044591564053972921,"http://coinpaymtstgtibr.onion/set_lang?lang=pt":2021642324497941871,"http://coinpaymtstgtibr.onion/set_lang?lang=ru":827123610457570787,"http://coinpaymtstgtibr.onion/set_lang?lang=zh":107248074058894401,"http://coinpaymtstgtibr.onion/shopify":3269371063907365621,"http://coinpaymtstgtibr.onion/store-directory":319168146503530969,"http://coinpaymtstgtibr.onion/supported-coins":7507255515043676563,"http://coinpaymtstgtibr.onion/supwiz":2813859645416611038,"http://coinpaymtstgtibr.onion/supwiz-buyer":5604968532349296757,"http://coinpaymtstgtibr.onion/supwiz-buyer-other":185947997551559244,"http://coinpaymtstgtibr.onion/supwiz-buyer?num=0":2158168037089004420,"http://coinpaymtstgtibr.onion/supwiz-buyer?num=1":3581298977837422859,"http://coinpaymtstgtibr.onion/supwiz-buyer?num=2":2489250985158450884,"http://coinpaymtstgtibr.onion/supwiz-conversions":1774344523150367474,"http://coinpaymtstgtibr.onion/supwiz-login":5633030468156712251,"http://coinpaymtstgtibr.onion/supwiz-loginkyc":7697734801697171950,"http://coinpaymtstgtibr.onion/supwiz-loginkyc?num=1":8634372948013996109,"http://coinpaymtstgtibr.onion/supwiz-loginother":1143139923025639791,"http://coinpaymtstgtibr.onion/supwiz-loginother?num=0":36127153690882636,"http://coinpaymtstgtibr.onion/supwiz-loginother?num=1":7484294266998155687,"http://coinpaymtstgtibr.onion/supwiz-loginother?num=2":4959147327474121048,"http://coinpaymtstgtibr.onion/supwiz-loginother?num=3":1500563113607576501,"http://coinpaymtstgtibr.onion/supwiz-logintfa":559465169902939189,"http://coinpaymtstgtibr.onion/supwiz-logintfa?num=0":2613925759381448143,"http://coinpaymtstgtibr.onion/supwiz-logintfa?num=1":8386977003617416323,"http://coinpaymtstgtibr.onion/supwiz-logintfa?num=2":7427565202105468847,"http://coinpaymtstgtibr.onion/supwiz-merchant":8140469164673653067,"http://coinpaymtstgtibr.onion/supwiz-other":8498637234680350132,"http://coinpaymtstgtibr.onion/supwiz-other-coindev":3540616243155040837,"http://coinpaymtstgtibr.onion/supwiz-other-feedback":6239365220593155302,"http://coinpaymtstgtibr.onion/supwiz-other-legal":6618970135392680660,"http://coinpaymtstgtibr.onion/supwiz-other-partnership":7807025768580417557,"http://coinpaymtstgtibr.onion/supwiz-other-press":1011304901396227287,"http://coinpaymtstgtibr.onion/supwiz-other-sales":8640301368532453473,"http://coinpaymtstgtibr.onion/supwiz-wallet":1014546555388693515,"https://coinpaymtstgtibr.onion/":4412041287450090308,"https://coinpaymtstgtibr.onion/$CoinPayments":4334409814708815264,"https://coinpaymtstgtibr.onion/apidoc":5655920966472489917,"https://coinpaymtstgtibr.onion/apidoc-accepting":2411071318901778659,"https://coinpaymtstgtibr.onion/apidoc-balances":913830339439751211,"https://coinpaymtstgtibr.onion/apidoc-buy-pbn-tags":945376801452103693,"https://coinpaymtstgtibr.onion/apidoc-claim-pbn-coupon":6946274031233464104,"https://coinpaymtstgtibr.onion/apidoc-claim-pbn-tag":6242255523361037968,"https://coinpaymtstgtibr.onion/apidoc-code":663777376831874830,"https://coinpaymtstgtibr.onion/apidoc-convert":6557137225688792331,"https://coinpaymtstgtibr.onion/apidoc-convert-limits":2888663628048304536,"https://coinpaymtstgtibr.onion/apidoc-create-transaction":4112405379687978236,"https://coinpaymtstgtibr.onion/apidoc-create-transfer":1189513780958774093,"https://coinpaymtstgtibr.onion/apidoc-create-withdrawal":1679113503438179384,"https://coinpaymtstgtibr.onion/apidoc-delete-pbn-tag":8158330145313265854,"https://coinpaymtstgtibr.onion/apidoc-get-basic-info":3167696351209440966,"https://coinpaymtstgtibr.onion/apidoc-get-callback-address":8616540979407014446,"https://coinpaymtstgtibr.onion/apidoc-get-conversion-info":5492304921872067580,"https://coinpaymtstgtibr.onion/apidoc-get-deposit-address":4246163502283166098,"https://coinpaymtstgtibr.onion/apidoc-get-pbn-info":2019923592572237590,"https://coinpaymtstgtibr.onion/apidoc-get-pbn-list":1511740192303315795,"https://coinpaymtstgtibr.onion/apidoc-get-tx-ids":1444800814500991123,"https://coinpaymtstgtibr.onion/apidoc-get-tx-info":8266616221002336022,"https://coinpaymtstgtibr.onion/apidoc-get-withdrawal-history":5312937524595308259,"https://coinpaymtstgtibr.onion/apidoc-get-withdrawal-info":2406220630622483247,"https://coinpaymtstgtibr.onion/apidoc-rates":1083268239632607426,"https://coinpaymtstgtibr.onion/apidoc-renew-pbn-tag":4848238634454688947,"https://coinpaymtstgtibr.onion/apidoc-update-pbn-tag":2874548362748245599,"https://coinpaymtstgtibr.onion/feedback-1bd758e0bd6e8cc683f573f99c5cddd7":8070260918568420147,"https://coinpaymtstgtibr.onion/feedback-24003888e0f8e7cf88dd3dc6bec1b4d2":1153481216602670001,"https://coinpaymtstgtibr.onion/feedback-2d2d9da7e053619e618c0069086026a9":4957846314451672469,"https://coinpaymtstgtibr.onion/feedback-7226958561ec777239c757c8ac96da61":5682228521829869771,"https://coinpaymtstgtibr.onion/feedback-78cdbdb4e94e96530225e5d330d08375":5591763405429767741,"https://coinpaymtstgtibr.onion/feedback-7ef4564ebce84b9fac9d160810dd0c8d":1811189317810562221,"https://coinpaymtstgtibr.onion/feedback-9f17e6704735dc25d2ac0fad52c0e6d1":1442659351440531101,"https://coinpaymtstgtibr.onion/feedback-be1891193e57d28ba5a05114f8d618d2":5471546438731472545,"https://coinpaymtstgtibr.onion/feedback-bf9ff7604894b1b1c4f59e31317e4f37":345166516378868131,"https://coinpaymtstgtibr.onion/feedback-c153157848d47f1499105f7b3ffa3558":4839782380263556620,"https://coinpaymtstgtibr.onion/forgot":3870011244399249576,"https://coinpaymtstgtibr.onion/help-affil":6087631339637344920,"https://coinpaymtstgtibr.onion/help-bug-bounty":5517227906078919623,"https://coinpaymtstgtibr.onion/help-charity-vote":4558229481087419868,"https://coinpaymtstgtibr.onion/help-contact":1965826876260397112,"https://coinpaymtstgtibr.onion/help-ecwid":5359836228281661505,"https://coinpaymtstgtibr.onion/help-faq":900904947938381301,"https://coinpaymtstgtibr.onion/help-fees":5578798455913674365,"https://coinpaymtstgtibr.onion/help-mass-withdrawal":1454819178292082149,"https://coinpaymtstgtibr.onion/help-paypal-passthru":5434509943891609145,"https://coinpaymtstgtibr.onion/help-privacy":8919501345970459121,"https://coinpaymtstgtibr.onion/help-restricted":1637605964670829462,"https://coinpaymtstgtibr.onion/help-signed-emails":5164891155173178481,"https://coinpaymtstgtibr.onion/help-support":2767179185578292877,"https://coinpaymtstgtibr.onion/help-terms":4969972339546584465,"https://coinpaymtstgtibr.onion/help-testnet":3543864421499375576,"https://coinpaymtstgtibr.onion/help-translate":6721315545712517393,"https://coinpaymtstgtibr.onion/home":6316074120556286978,"https://coinpaymtstgtibr.onion/images/pub/CP-main-medium.png":8480675169994586751,"https://coinpaymtstgtibr.onion/images/pub/CP-third-med.png":2541111581909966679,"https://coinpaymtstgtibr.onion/images/pub/add-to-cart-blue.png":6103212396478574218,"https://coinpaymtstgtibr.onion/images/pub/add-to-cart-grey.png":6931787584450018204,"https://coinpaymtstgtibr.onion/images/pub/add-to-cart-lg.png":3781820873451604852,"https://coinpaymtstgtibr.onion/images/pub/add-to-cart-med.png":6511971655161931195,"https://coinpaymtstgtibr.onion/images/pub/add-to-cart-sm.png":4814766331479005678,"https://coinpaymtstgtibr.onion/images/pub/add-to-cart-xs.png":6457595761058600780,"https://coinpaymtstgtibr.onion/images/pub/add-to-cart.png":4911589759396969541,"https://coinpaymtstgtibr.onion/images/pub/buynow-ani-2.png":3704102902371611205,"https://coinpaymtstgtibr.onion/images/pub/buynow-ani.png":8549401413480323394,"https://coinpaymtstgtibr.onion/images/pub/buynow-blue.png":8701716954470050458,"https://coinpaymtstgtibr.onion/images/pub/buynow-med-grey.png":7729647825303196409,"https://coinpaymtstgtibr.onion/images/pub/buynow-med-white.png":6954444807755398069,"https://coinpaymtstgtibr.onion/images/pub/buynow-med.png":3019872873507386997,"https://coinpaymtstgtibr.onion/images/pub/buynow-small-white.png":3657375060269325645,"https://coinpaymtstgtibr.onion/images/pub/buynow-wide-blue.png":8823740259429756857,"https://coinpaymtstgtibr.onion/images/pub/buynow-wide-yellow.png":1346065719509767636,"https://coinpaymtstgtibr.onion/images/pub/checkout-blue.png":2215427922990678702,"https://coinpaymtstgtibr.onion/images/pub/checkout-grey.png":5503048129300498651,"https://coinpaymtstgtibr.onion/images/pub/donate-med-grey.png":4078895940586782510,"https://coinpaymtstgtibr.onion/images/pub/donate-med.png":7728537685180765688,"https://coinpaymtstgtibr.onion/images/pub/donate-small-grey.png":4464289063355747138,"https://coinpaymtstgtibr.onion/images/pub/donate-wide-blue.png":5926313520466911442,"https://coinpaymtstgtibr.onion/images/pub/donate-wide-yellow.png":3174025246366368958,"https://coinpaymtstgtibr.onion/images/pub/donate-yellow.png":846358765953955157,"https://coinpaymtstgtibr.onion/images/pub/view-cart.png":5409317555188557933,"https://coinpaymtstgtibr.onion/images/sex_0.png":2155925563205405447,"https://coinpaymtstgtibr.onion/images/sex_1.png":5387361886274398633,"https://coinpaymtstgtibr.onion/images/sex_2.png":7711673809567537167,"https://coinpaymtstgtibr.onion/index.php?cmd=_cart":5317992823805629593,"https://coinpaymtstgtibr.onion/index.php?cmd=acct_api_keys":5247915287639424083,"https://coinpaymtstgtibr.onion/index.php?cmd=acct_coins":5306605243813113729,"https://coinpaymtstgtibr.onion/index.php?cmd=acct_home":9217875576009251741,"https://coinpaymtstgtibr.onion/index.php?cmd=acct_settings":8437444020164109582,"https://coinpaymtstgtibr.onion/index.php?cmd=apidoc":9104870110861965507,"https://coinpaymtstgtibr.onion/index.php?cmd=apps":4021125713892928037,"https://coinpaymtstgtibr.onion/index.php?cmd=coinhosting":4825284131061428034,"https://coinpaymtstgtibr.onion/index.php?cmd=contact":5049803286231281653,"https://coinpaymtstgtibr.onion/index.php?cmd=directory":9036644103180520538,"https://coinpaymtstgtibr.onion/index.php?cmd=forgot":5649431279340331627,"https://coinpaymtstgtibr.onion/index.php?cmd=help":7185801351888442002,"https://coinpaymtstgtibr.onion/index.php?cmd=home":5600624420289463599,"https://coinpaymtstgtibr.onion/index.php?cmd=login":7966012339812303364,"https://coinpaymtstgtibr.onion/index.php?cmd=merchant_tools":6256117571606805736,"https://coinpaymtstgtibr.onion/index.php?cmd=register":3670429453058059397,"https://coinpaymtstgtibr.onion/index.php?cmd=support_wizard":5479913834379900645,"https://coinpaymtstgtibr.onion/index.php?cmd=supported_coins":2660799312286350976,"https://coinpaymtstgtibr.onion/login":2438834237214057473,"https://coinpaymtstgtibr.onion/register":4880404065887009711},"pgpKeys":null,"certificates":null,"bitcoinServices":{},"sshKey":"","sshBanner":"","ftpFingerprint":"","ftpBanner":"","smtpFingerprint":"","smtpBanner":"","lastAction":"web","timedOut":true,"error":null,"identifierReport":{"privateKeyDetected":false,"foundApacheModStatus":false,"serverVersion":"","relatedOnionServices":null,"relatedOnionDomains":null,"ipAddresses":null,"emailAddresses":["support@coinpayments.net","support@sumsub.com","webmaster@coinpayments.net","ceo@coinpayments.net","sample@gmail.com","account@email.com"],"analyticsIDs":null,"bitcoinAddresses":["3MW5nY7532oRgaNxdnbeRCBfhNetcL5zY2"],"linkedOnions":null,"openDirectories":null,"exifImages":null},"simpleReport":{"hiddenService":"coinpaymtstgtibr.onion","risks":[{"severity":"info","title":"Found Identities","description":"","fix":"","items":["support@coinpayments.net","support@sumsub.com","webmaster@coinpayments.net","ceo@coinpayments.net","sample@gmail.com","account@email.com"]},{"severity":"info","title":"Found Bitcoin Addresses","description":"","fix":"","items":["3MW5nY7532oRgaNxdnbeRCBfhNetcL5zY2"]}]}}
