{"hiddenService":"cryptbb2gezhohku.onion","dateScanned":"2019-08-30T22:31:25.565022178Z","online":false,"performedScans":["web","tls","ssh","irc","ricochet","ftp","smtp","mongodb","vnc","xmpp","bitcoin","bitcoin_test","litecoin","dogecoin"],"webDetected":true,"tlsDetected":false,"sshDetected":false,"ricochetDetected":false,"ircDetected":false,"ftpDetected":false,"smtpDetected":false,"bitcoinDetected":false,"mongodbDetected":false,"vncDetected":false,"xmppDetected":false,"skynetDetected":false,"crawls":{"http://cryptbb2gezhohku.onion/":85112751744502714,"http://cryptbb2gezhohku.onion/cache":5012123183206001151,"http://cryptbb2gezhohku.onion/cache/themes":4819652176642695795,"http://cryptbb2gezhohku.onion/cache/themes/theme1":7344029602063177846,"http://cryptbb2gezhohku.onion/cache/themes/theme1/alerts.min.css":8293286454374920461,"http://cryptbb2gezhohku.onion/cache/themes/theme6":7120074133303320043,"http://cryptbb2gezhohku.onion/cache/themes/theme6/css3.min.css":6624378355703234026,"http://cryptbb2gezhohku.onion/cache/themes/theme6/global.min.css":8199392360545782408,"http://cryptbb2gezhohku.onion/cache/themes/theme6/thread_status.min.css":3942393629904775501,"http://cryptbb2gezhohku.onion/captcha.php?imagehash=2348790f0c6e797322a21ad1a6c56919":4579051927256625803,"http://cryptbb2gezhohku.onion/css.php?stylesheet=37":7672431013843289476,"http://cryptbb2gezhohku.onion/images":6331576939744294123,"http://cryptbb2gezhohku.onion/index.php":4298483926732173825,"http://cryptbb2gezhohku.onion/jscripts":282916959463765515,"http://cryptbb2gezhohku.onion/jscripts/captcha.js?ver=1808":5210626756541344877,"http://cryptbb2gezhohku.onion/jscripts/general.js?ver=1810":4696915248024746122,"http://cryptbb2gezhohku.onion/jscripts/jquery.js?ver=1806":5581492785929247786,"http://cryptbb2gezhohku.onion/jscripts/jquery.plugins.min.js?ver=1806":3660500775428266709,"http://cryptbb2gezhohku.onion/jscripts/myalerts.js":5695721236311203439,"http://cryptbb2gezhohku.onion/member.php?action=login":8603508583725562371,"http://cryptbb2gezhohku.onion/member.php?action=lostpw":769067349129977787,"http://cryptbb2gezhohku.onion/member.php?action=register":455774053451203842,"http://cryptbb2gezhohku.onion/memberlist.php":4096072254244926456,"http://cryptbb2gezhohku.onion/pgp.txt":1338879969465313105,"http://cryptbb2gezhohku.onion/private_key":2186360499760727261,"http://cryptbb2gezhohku.onion/search.php":1804761839244199080,"http://cryptbb2gezhohku.onion/server-status":504953181103635363,"http://cryptbb2gezhohku.onion/showteam.php":7868140314337843713,"http://cryptbb2gezhohku.onion/syndication.php":8624796789926657568,"http://cryptbb2gezhohku.onion/syndication.php?type=atom1.0":7500655524553458537},"pgpKeys":null,"certificates":null,"bitcoinServices":{"bitcoin":{"detected":false,"userAgent":"","prototocolVersion":0,"onionPeers":null},"bitcoin_test":{"detected":false,"userAgent":"","prototocolVersion":0,"onionPeers":null},"dogecoin":{"detected":false,"userAgent":"","prototocolVersion":0,"onionPeers":null},"litecoin":{"detected":false,"userAgent":"","prototocolVersion":0,"onionPeers":null}},"sshKey":"","sshBanner":"","ftpFingerprint":"","ftpBanner":"","smtpFingerprint":"","smtpBanner":"","lastAction":"dogecoin","timedOut":false,"error":null,"identifierReport":{"privateKeyDetected":false,"foundApacheModStatus":false,"serverVersion":"","relatedOnionServices":null,"relatedOnionDomains":null,"ipAddresses":null,"emailAddresses":null,"analyticsIDs":null,"bitcoinAddresses":null,"linkedOnions":null,"openDirectories":null,"exifImages":null},"simpleReport":{"hiddenService":"cryptbb2gezhohku.onion","risks":null}}
