{"hiddenService":"cwoiopiifrlzcuos.onion","dateScanned":"2019-08-30T05:15:44.147049385Z","online":false,"performedScans":["web","tls","ssh","irc","ricochet","ftp","smtp","mongodb","vnc","xmpp","bitcoin","bitcoin_test","litecoin","dogecoin"],"webDetected":true,"tlsDetected":false,"sshDetected":false,"ricochetDetected":false,"ircDetected":false,"ftpDetected":false,"smtpDetected":false,"bitcoinDetected":false,"mongodbDetected":false,"vncDetected":false,"xmppDetected":false,"skynetDetected":false,"crawls":{"http://cwoiopiifrlzcuos.onion/":6699266395956548207,"http://cwoiopiifrlzcuos.onion/assets":6310393189558588170,"http://cwoiopiifrlzcuos.onion/assets/application-9f30d7f528b1ce5b2322c0cd4fa98f05322eb8a7a7394e516d6295d881a5eff5.js":6967124237495238791,"http://cwoiopiifrlzcuos.onion/assets/application-b51d279b9700a011b98a1bd8dba71ec951874073338c0803ad429d16b66fe642.css":8975227497381985185,"http://cwoiopiifrlzcuos.onion/privacy-policy":1562758291978348493,"http://cwoiopiifrlzcuos.onion/private_key":8697516190818905494,"http://cwoiopiifrlzcuos.onion/server-status":4273327232962987423,"http://cwoiopiifrlzcuos.onion/terms-of-service":287174965221108053},"pgpKeys":null,"certificates":null,"bitcoinServices":{"bitcoin":{"detected":false,"userAgent":"","prototocolVersion":0,"onionPeers":null},"bitcoin_test":{"detected":false,"userAgent":"","prototocolVersion":0,"onionPeers":null},"dogecoin":{"detected":false,"userAgent":"","prototocolVersion":0,"onionPeers":null},"litecoin":{"detected":false,"userAgent":"","prototocolVersion":0,"onionPeers":null}},"sshKey":"","sshBanner":"","ftpFingerprint":"","ftpBanner":"","smtpFingerprint":"","smtpBanner":"","lastAction":"dogecoin","timedOut":false,"error":null,"identifierReport":{"privateKeyDetected":false,"foundApacheModStatus":false,"serverVersion":"","relatedOnionServices":null,"relatedOnionDomains":null,"ipAddresses":null,"emailAddresses":null,"analyticsIDs":null,"bitcoinAddresses":null,"linkedOnions":null,"openDirectories":null,"exifImages":null},"simpleReport":{"hiddenService":"cwoiopiifrlzcuos.onion","risks":null}}
