{"hiddenService":"darkmarkl7f5hz5f.onion","dateScanned":"2019-08-30T05:33:12.432314223Z","online":false,"performedScans":["web","tls","ssh","irc","ricochet","ftp","smtp","mongodb","vnc","xmpp","bitcoin","bitcoin_test","litecoin","dogecoin"],"webDetected":true,"tlsDetected":false,"sshDetected":false,"ricochetDetected":false,"ircDetected":false,"ftpDetected":false,"smtpDetected":false,"bitcoinDetected":false,"mongodbDetected":false,"vncDetected":false,"xmppDetected":false,"skynetDetected":false,"crawls":{"http://darkmarkl7f5hz5f.onion/":7503468300990021233,"http://darkmarkl7f5hz5f.onion/css":8416817765701185561,"http://darkmarkl7f5hz5f.onion/css/app.css":2922577963936644731,"http://darkmarkl7f5hz5f.onion/forgotpassword":1016835426128034750,"http://darkmarkl7f5hz5f.onion/logos.png":4759781142302334639,"http://darkmarkl7f5hz5f.onion/private_key":4530898265952191534,"http://darkmarkl7f5hz5f.onion/server-status":8971402746386513897,"http://darkmarkl7f5hz5f.onion/signin":8262242887637673041,"http://darkmarkl7f5hz5f.onion/signup":1476985159635349759},"pgpKeys":null,"certificates":null,"bitcoinServices":{"bitcoin":{"detected":false,"userAgent":"","prototocolVersion":0,"onionPeers":null},"bitcoin_test":{"detected":false,"userAgent":"","prototocolVersion":0,"onionPeers":null},"dogecoin":{"detected":false,"userAgent":"","prototocolVersion":0,"onionPeers":null},"litecoin":{"detected":false,"userAgent":"","prototocolVersion":0,"onionPeers":null}},"sshKey":"","sshBanner":"","ftpFingerprint":"","ftpBanner":"","smtpFingerprint":"","smtpBanner":"","lastAction":"dogecoin","timedOut":false,"error":null,"identifierReport":{"privateKeyDetected":false,"foundApacheModStatus":false,"serverVersion":"","relatedOnionServices":null,"relatedOnionDomains":null,"ipAddresses":null,"emailAddresses":null,"analyticsIDs":null,"bitcoinAddresses":null,"linkedOnions":["darkevuygggqkqhq.onion","darkmarkhbh2xyel.onion","darkmarkmxukc633.onion"],"openDirectories":null,"exifImages":null},"simpleReport":{"hiddenService":"darkmarkl7f5hz5f.onion","risks":null}}
