{"hiddenService":"darkmarkmxukc633.onion","dateScanned":"2019-08-30T10:48:24.249282283Z","online":false,"performedScans":["web","tls","ssh","irc","ricochet","ftp","smtp","mongodb","vnc","xmpp","bitcoin","bitcoin_test","litecoin","dogecoin"],"webDetected":true,"tlsDetected":false,"sshDetected":false,"ricochetDetected":false,"ircDetected":false,"ftpDetected":false,"smtpDetected":false,"bitcoinDetected":false,"mongodbDetected":false,"vncDetected":false,"xmppDetected":false,"skynetDetected":false,"crawls":{"http://darkmarkmxukc633.onion/":5158965647477360260,"http://darkmarkmxukc633.onion/css":3438141658110354100,"http://darkmarkmxukc633.onion/css/app.css":8317053305955003335,"http://darkmarkmxukc633.onion/forgotpassword":8940175769903221208,"http://darkmarkmxukc633.onion/logos.png":1891083998307712356,"http://darkmarkmxukc633.onion/private_key":6833490537021737814,"http://darkmarkmxukc633.onion/server-status":2789429428502008808,"http://darkmarkmxukc633.onion/signin":5668548611454845093,"http://darkmarkmxukc633.onion/signup":583334689540124901},"pgpKeys":null,"certificates":null,"bitcoinServices":{"bitcoin":{"detected":false,"userAgent":"","prototocolVersion":0,"onionPeers":null},"bitcoin_test":{"detected":false,"userAgent":"","prototocolVersion":0,"onionPeers":null},"dogecoin":{"detected":false,"userAgent":"","prototocolVersion":0,"onionPeers":null},"litecoin":{"detected":false,"userAgent":"","prototocolVersion":0,"onionPeers":null}},"sshKey":"","sshBanner":"","ftpFingerprint":"","ftpBanner":"","smtpFingerprint":"","smtpBanner":"","lastAction":"dogecoin","timedOut":false,"error":null,"identifierReport":{"privateKeyDetected":false,"foundApacheModStatus":false,"serverVersion":"","relatedOnionServices":null,"relatedOnionDomains":null,"ipAddresses":null,"emailAddresses":null,"analyticsIDs":null,"bitcoinAddresses":null,"linkedOnions":["darkevuygggqkqhq.onion","darkmarkl7f5hz5f.onion","darkmarkhbh2xyel.onion"],"openDirectories":null,"exifImages":null},"simpleReport":{"hiddenService":"darkmarkmxukc633.onion","risks":null}}
