{"hiddenService":"darkevuygggqkqhq.onion","dateScanned":"2019-08-30T06:45:32.861096593Z","online":false,"performedScans":["web","tls","ssh","irc","ricochet","ftp","smtp","mongodb","vnc","xmpp","bitcoin","bitcoin_test","litecoin","dogecoin"],"webDetected":true,"tlsDetected":false,"sshDetected":false,"ricochetDetected":false,"ircDetected":false,"ftpDetected":false,"smtpDetected":false,"bitcoinDetected":false,"mongodbDetected":false,"vncDetected":false,"xmppDetected":false,"skynetDetected":false,"crawls":{"http://darkevuygggqkqhq.onion/":518843983083896450,"http://darkevuygggqkqhq.onion/css":1181320825252692946,"http://darkevuygggqkqhq.onion/css/app.css":2211799643301368736,"http://darkevuygggqkqhq.onion/forgotpassword":3610145797520790663,"http://darkevuygggqkqhq.onion/logos.png":1829103365371857979,"http://darkevuygggqkqhq.onion/private_key":1291016865721592448,"http://darkevuygggqkqhq.onion/server-status":8023303429928141378,"http://darkevuygggqkqhq.onion/signin":2929058957162401786,"http://darkevuygggqkqhq.onion/signup":4282334652853427358},"pgpKeys":null,"certificates":null,"bitcoinServices":{"bitcoin":{"detected":false,"userAgent":"","prototocolVersion":0,"onionPeers":null},"bitcoin_test":{"detected":false,"userAgent":"","prototocolVersion":0,"onionPeers":null},"dogecoin":{"detected":false,"userAgent":"","prototocolVersion":0,"onionPeers":null},"litecoin":{"detected":false,"userAgent":"","prototocolVersion":0,"onionPeers":null}},"sshKey":"","sshBanner":"","ftpFingerprint":"","ftpBanner":"","smtpFingerprint":"","smtpBanner":"","lastAction":"dogecoin","timedOut":false,"error":null,"identifierReport":{"privateKeyDetected":false,"foundApacheModStatus":false,"serverVersion":"","relatedOnionServices":null,"relatedOnionDomains":null,"ipAddresses":null,"emailAddresses":null,"analyticsIDs":null,"bitcoinAddresses":null,"linkedOnions":["darkmarkl7f5hz5f.onion","darkmarkhbh2xyel.onion","darkmarkmxukc633.onion"],"openDirectories":null,"exifImages":null},"simpleReport":{"hiddenService":"darkevuygggqkqhq.onion","risks":null}}
