{"hiddenService":"darkmarkhbh2xyel.onion","dateScanned":"2019-08-30T04:55:03.992143868Z","online":false,"performedScans":["web","tls","ssh","irc","ricochet","ftp","smtp","mongodb","vnc","xmpp","bitcoin","bitcoin_test","litecoin","dogecoin"],"webDetected":true,"tlsDetected":false,"sshDetected":false,"ricochetDetected":false,"ircDetected":false,"ftpDetected":false,"smtpDetected":false,"bitcoinDetected":false,"mongodbDetected":false,"vncDetected":false,"xmppDetected":false,"skynetDetected":false,"crawls":{"http://darkmarkhbh2xyel.onion/":5942001642413572360,"http://darkmarkhbh2xyel.onion/css":6708983124936555327,"http://darkmarkhbh2xyel.onion/css/app.css":514723165039941650,"http://darkmarkhbh2xyel.onion/forgotpassword":6953812908459864747,"http://darkmarkhbh2xyel.onion/logos.png":8739291544299527674,"http://darkmarkhbh2xyel.onion/private_key":1271286075211364669,"http://darkmarkhbh2xyel.onion/server-status":1224040010499810255,"http://darkmarkhbh2xyel.onion/signin":433607481557038556,"http://darkmarkhbh2xyel.onion/signup":1325001492454177170},"pgpKeys":null,"certificates":null,"bitcoinServices":{"bitcoin":{"detected":false,"userAgent":"","prototocolVersion":0,"onionPeers":null},"bitcoin_test":{"detected":false,"userAgent":"","prototocolVersion":0,"onionPeers":null},"dogecoin":{"detected":false,"userAgent":"","prototocolVersion":0,"onionPeers":null},"litecoin":{"detected":false,"userAgent":"","prototocolVersion":0,"onionPeers":null}},"sshKey":"","sshBanner":"","ftpFingerprint":"","ftpBanner":"","smtpFingerprint":"","smtpBanner":"","lastAction":"dogecoin","timedOut":false,"error":null,"identifierReport":{"privateKeyDetected":false,"foundApacheModStatus":false,"serverVersion":"","relatedOnionServices":null,"relatedOnionDomains":null,"ipAddresses":null,"emailAddresses":null,"analyticsIDs":null,"bitcoinAddresses":null,"linkedOnions":["darkevuygggqkqhq.onion","darkmarkl7f5hz5f.onion","darkmarkmxukc633.onion"],"openDirectories":null,"exifImages":null},"simpleReport":{"hiddenService":"darkmarkhbh2xyel.onion","risks":null}}
