{"hiddenService":"dreadditevelidot.onion","dateScanned":"2019-08-30T04:39:33.896842821Z","online":false,"performedScans":["web"],"webDetected":true,"tlsDetected":false,"sshDetected":false,"ricochetDetected":false,"ircDetected":false,"ftpDetected":false,"smtpDetected":false,"bitcoinDetected":false,"mongodbDetected":false,"vncDetected":false,"xmppDetected":false,"skynetDetected":false,"crawls":{"http://dreadditevelidot.onion/":9138089814833005806,"http://dreadditevelidot.onion/?p=1":7306871920259365206,"http://dreadditevelidot.onion/?p=1\u0026sort=new":4136364482090440084,"http://dreadditevelidot.onion/?p=1\u0026sort=top":7000274004880274220,"http://dreadditevelidot.onion/?p=10":2325517980547711034,"http://dreadditevelidot.onion/?p=10\u0026sort=new":2824029734931425037,"http://dreadditevelidot.onion/?p=10\u0026sort=top":2192560721806194590,"http://dreadditevelidot.onion/?p=2":5328569067840979791,"http://dreadditevelidot.onion/?p=2\u0026sort=new":2754886590676287798,"http://dreadditevelidot.onion/?p=2\u0026sort=top":5925605542805823200,"http://dreadditevelidot.onion/?p=23":3046129577814557322,"http://dreadditevelidot.onion/?p=3":4536018264655891579,"http://dreadditevelidot.onion/?p=3\u0026sort=new":935528775451956569,"http://dreadditevelidot.onion/?p=3\u0026sort=top":2756030969140869028,"http://dreadditevelidot.onion/?p=4":2339460897710845008,"http://dreadditevelidot.onion/?p=4\u0026sort=new":969947491226065352,"http://dreadditevelidot.onion/?p=4\u0026sort=top":4535170094797009857,"http://dreadditevelidot.onion/?p=5":3725487435987424953,"http://dreadditevelidot.onion/?p=5\u0026sort=new":6550298820921540091,"http://dreadditevelidot.onion/?p=5\u0026sort=top":1008437082647670527,"http://dreadditevelidot.onion/?p=55":6688628583342208668,"http://dreadditevelidot.onion/?p=6":735445482994434916,"http://dreadditevelidot.onion/?p=6\u0026sort=new":3196367395657363410,"http://dreadditevelidot.onion/?p=6\u0026sort=top":2267340904544255661,"http://dreadditevelidot.onion/?sort=new":6541784092977965052,"http://dreadditevelidot.onion/?sort=top":5353041131315956490,"http://dreadditevelidot.onion/ad":1751508845480783498,"http://dreadditevelidot.onion/ad/":1037638995917296934,"http://dreadditevelidot.onion/ad/4a6b1acc68b83aa09d45a3b3e6e882":9032592448276224224,"http://dreadditevelidot.onion/ad/55f25f8d765ebbe74e3c89dc01030a":6799714495843353657,"http://dreadditevelidot.onion/ad/5b921928e6e0e7672a636181d90ab3":7266035980338305382,"http://dreadditevelidot.onion/ad/8f08b7a82c9c99220edaccbd5b29de":2037751958349582883,"http://dreadditevelidot.onion/ad/96c9fae58b4cdf6d66889f23f31462":4443395186835526388,"http://dreadditevelidot.onion/ad/a631ba8965c00536a67a887f8b29c2":3897173419100304229,"http://dreadditevelidot.onion/ad/b121256fba3b6911b4fb0cf0f30d9b":6183963870408191465,"http://dreadditevelidot.onion/ad/c07513dcf75b033ea5305d7f2a430a":800123897337179568,"http://dreadditevelidot.onion/ad/c79d99fc6d1167c70736915da14dd2":241066548052453492,"http://dreadditevelidot.onion/ad/efbdd7f24d294032def360c98ede10":4596937900416232227,"http://dreadditevelidot.onion/api/":8442200315034128212,"http://dreadditevelidot.onion/auth":9191204673459420700,"http://dreadditevelidot.onion/auth/forgot":1466488591778136871,"http://dreadditevelidot.onion/auth/login":8987350968842079968,"http://dreadditevelidot.onion/auth/login/":8311618010381583214,"http://dreadditevelidot.onion/auth/register":6099394052959130816,"http://dreadditevelidot.onion/auth/secureCaptcha.png":4298891088140777485,"http://dreadditevelidot.onion/auth/secureCaptcha.png?action=login":3014397548964932280,"http://dreadditevelidot.onion/create":8263941750729033680,"http://dreadditevelidot.onion/css":7077379297961201999,"http://dreadditevelidot.onion/css/ddos.css":7262471460133862162,"http://dreadditevelidot.onion/css/dread.css":7735090607269130057,"http://dreadditevelidot.onion/d":5963522253512388674,"http://dreadditevelidot.onion/d/CGMC":884067365687785639,"http://dreadditevelidot.onion/d/DNMAds":5090344980928947534,"http://dreadditevelidot.onion/d/DNMSourcing":4479543153959871824,"http://dreadditevelidot.onion/d/DNMUK":1251368161223027019,"http://dreadditevelidot.onion/d/DNSTARS":2445602601192002955,"http://dreadditevelidot.onion/d/DankNation":8065814093596879260,"http://dreadditevelidot.onion/d/DarkDotFail":3585774540292313316,"http://dreadditevelidot.onion/d/DarkNetAustralia":5989240594536932801,"http://dreadditevelidot.onion/d/DarkNetMarkets":5119711235387139297,"http://dreadditevelidot.onion/d/DarkNetMarkets/wiki?id=57daed39":3458959772929052409,"http://dreadditevelidot.onion/d/DarknetMarketsIndia":4157501589793438736,"http://dreadditevelidot.onion/d/DarknetMarketsNoobs":8697902677687889857,"http://dreadditevelidot.onion/d/Dread":7398503325438412695,"http://dreadditevelidot.onion/d/Dread/?sort=new":8041243054798284925,"http://dreadditevelidot.onion/d/Dread/?sort=top":5758525350555275613,"http://dreadditevelidot.onion/d/Dread/message/":2955312436522474398,"http://dreadditevelidot.onion/d/Dread/post/":8099117673749193892,"http://dreadditevelidot.onion/d/Dread/wiki?id=0f0519ab":3806304372815030275,"http://dreadditevelidot.onion/d/EmpireMarket":6857780201029842750,"http://dreadditevelidot.onion/d/EmpireMarket/message/":4608802640994086737,"http://dreadditevelidot.onion/d/EmpireMarket/post/":5224114802914321477,"http://dreadditevelidot.onion/d/EmpireMarket/wiki?id=217f645d":1039952379051073206,"http://dreadditevelidot.onion/d/EmpireMarket/wiki?id=487c71e1":4254353659128308391,"http://dreadditevelidot.onion/d/EmpireMarket/wiki?id=53a5f518":868119448503582642,"http://dreadditevelidot.onion/d/EnergyControl":1575291323564018614,"http://dreadditevelidot.onion/d/FakeID":428671241589332659,"http://dreadditevelidot.onion/d/FakeIDUK":8043285730524105016,"http://dreadditevelidot.onion/d/Forgeries":1436733273063194414,"http://dreadditevelidot.onion/d/HarmReduction":2734519098677310517,"http://dreadditevelidot.onion/d/HiddenService":7365494241414661545,"http://dreadditevelidot.onion/d/Lean":8150324146890458417,"http://dreadditevelidot.onion/d/LibertasMarket":2354948504677662975,"http://dreadditevelidot.onion/d/NamasteLSD":4414256907566071101,"http://dreadditevelidot.onion/d/NightMareMarket":2225073329943100774,"http://dreadditevelidot.onion/d/OpSec":498410047414140064,"http://dreadditevelidot.onion/d/Opiates":5019289580603851251,"http://dreadditevelidot.onion/d/RaptureMarket":2009040828240519118,"http://dreadditevelidot.onion/d/Reviews":4192600240055775126,"http://dreadditevelidot.onion/d/TheMajesticGarden":6384424443897905253,"http://dreadditevelidot.onion/d/TochkaFreeMarket":9009671778239701420,"http://dreadditevelidot.onion/d/WallStreetMarket":4944291788794411272,"http://dreadditevelidot.onion/d/Xanax":8918075896749347683,"http://dreadditevelidot.onion/d/all":3211013962808706071,"http://dreadditevelidot.onion/d/all/?sort=new":1676562923496279105,"http://dreadditevelidot.onion/d/all/?sort=top":7079106317100435306,"http://dreadditevelidot.onion/d/fraud":7186947859126319836,"http://dreadditevelidot.onion/d/marketannouncements":3869109685445481522,"http://dreadditevelidot.onion/d/murderhomelesspeople":6543883929632324864,"http://dreadditevelidot.onion/d/reviews":2942273792092664029,"http://dreadditevelidot.onion/discover":6981385017572679750,"http://dreadditevelidot.onion/favicon.ico":2444766851227320209,"http://dreadditevelidot.onion/page":5309373800585300895,"http://dreadditevelidot.onion/page/about/":6663245936760953593,"http://dreadditevelidot.onion/page/canary/":8355005419791564253,"http://dreadditevelidot.onion/page/dreadiquette/":8479734629092511787,"http://dreadditevelidot.onion/page/harm-reduction/":7580007624385223645,"http://dreadditevelidot.onion/page/privacy-policy":421031100808807598,"http://dreadditevelidot.onion/page/privacy/":5228364144706473374,"http://dreadditevelidot.onion/page/rules":2807725895817641677,"http://dreadditevelidot.onion/page/rules/":4083054506867183355,"http://dreadditevelidot.onion/post":8673267525455075864,"http://dreadditevelidot.onion/post/008507a32b61d91e4d5c":2938728735207270047,"http://dreadditevelidot.onion/post/05e14266fc79e1e004db":1192932723724957130,"http://dreadditevelidot.onion/post/09fa37c4fa42b943dd8c":1862169037502439205,"http://dreadditevelidot.onion/post/0cffb50764ce464cb89b":5854608257636341343,"http://dreadditevelidot.onion/post/12d81c41f69396e4b5fe":4745557797238151646,"http://dreadditevelidot.onion/post/1985cb4bac7b05c55fe5":8356407697726016057,"http://dreadditevelidot.onion/post/1cba1c8d5398a36b5da7":3798869493119989741,"http://dreadditevelidot.onion/post/1ce723963b592b21499f":6372699149397562073,"http://dreadditevelidot.onion/post/208af065655ed174b0d5":1837928422476339930,"http://dreadditevelidot.onion/post/24f3d26cb37e93add0c7":1792893564928836240,"http://dreadditevelidot.onion/post/258e07fca0189d65b8ad":1544643103343482632,"http://dreadditevelidot.onion/post/26a2ca59fb899faef4e7":898143265562681437,"http://dreadditevelidot.onion/post/33eead1c5163a6ae2cd1":300280749295151387,"http://dreadditevelidot.onion/post/3aa1e874edeed8be9f42":7991166943207024371,"http://dreadditevelidot.onion/post/3c615950a06cb11e0e50":9050833931948612457,"http://dreadditevelidot.onion/post/3d6d4d69cf913b77e989":5553716386470693858,"http://dreadditevelidot.onion/post/3d82296a8529e99bd590":2676195092167932814,"http://dreadditevelidot.onion/post/3dcd1741d3d1c7ab57ec":5636628832776030857,"http://dreadditevelidot.onion/post/438fea2e60a5f38f1406":4868860344732179518,"http://dreadditevelidot.onion/post/43c710c300d7c02c1a90":6255051905618326236,"http://dreadditevelidot.onion/post/4e20a899a2a7fa43aee1":1613643347172490225,"http://dreadditevelidot.onion/post/4f777d7165f0a157140f":3920156707464548269,"http://dreadditevelidot.onion/post/4f77c4c09d0f55afb03a":4492470310560555437,"http://dreadditevelidot.onion/post/4fc746a0f319c037bfc9":9114062957207860165,"http://dreadditevelidot.onion/post/514a0154e1d6d3210beb":7941419799953283954,"http://dreadditevelidot.onion/post/537466f6ca9cd3600142":2459183039470657482,"http://dreadditevelidot.onion/post/5776c5592e690c70beae":6467456557481846908,"http://dreadditevelidot.onion/post/5b344477cdfcb6c808c1":6468482487266725540,"http://dreadditevelidot.onion/post/60e175715cf46892cfbd":8566305571321405192,"http://dreadditevelidot.onion/post/66c1dcd1ca8a208a70bd":2884616012722443181,"http://dreadditevelidot.onion/post/6b265e25b160e6ba3240":2079749113936207297,"http://dreadditevelidot.onion/post/6d0ede67fbeebf308068":3948372096950189604,"http://dreadditevelidot.onion/post/6ebcac50551813261665":1743394333455234279,"http://dreadditevelidot.onion/post/6ee261e9013b7b036fb4":7591110337839424807,"http://dreadditevelidot.onion/post/7509310080ae255f02c5":7345212300937804155,"http://dreadditevelidot.onion/post/7841d6e221f1aa5186e5":678374221892978920,"http://dreadditevelidot.onion/post/7f9f461b0865c9846dbd":4025024980282929755,"http://dreadditevelidot.onion/post/82fdf2163b210d68dcd1":531206011495187273,"http://dreadditevelidot.onion/post/8311cfc973445d96de6e":2618617805963675133,"http://dreadditevelidot.onion/post/853a4ff41ef5f25684a0":2556709983753405769,"http://dreadditevelidot.onion/post/87d89aaa2d9c9e8788c9":3598674753878564242,"http://dreadditevelidot.onion/post/8dbb29a8b4ef1c8bcb42":8153732283081276513,"http://dreadditevelidot.onion/post/98483961daca9f1cded5":5663396451294763476,"http://dreadditevelidot.onion/post/9889fa07f2e6f093e131":585809499879524145,"http://dreadditevelidot.onion/post/9ba17f809c44fbf17658":375626107586968597,"http://dreadditevelidot.onion/post/9fb89ef858c07dcde2d5":8670434479730254131,"http://dreadditevelidot.onion/post/a0f0ca9a21a9b1447041":3560868081354561836,"http://dreadditevelidot.onion/post/a47704ff1434924f666d":3253247288206149883,"http://dreadditevelidot.onion/post/a4fa6cf348e69c4f2203":1494705047027957850,"http://dreadditevelidot.onion/post/a50ad80dd504522e0ef4":6618307192252067999,"http://dreadditevelidot.onion/post/b9679407af694d0661be":674761441709604419,"http://dreadditevelidot.onion/post/ba8f67a2baa091b72f20":5336508056694613302,"http://dreadditevelidot.onion/post/bc659c0e9119daf68086":910899052347337725,"http://dreadditevelidot.onion/post/bcad8bb57e668c0a9ee4":1975157127922891981,"http://dreadditevelidot.onion/post/bdd8fe25661375ae4ddc":4864639033912850255,"http://dreadditevelidot.onion/post/be262bf9c037a4de601b":4948800169568153353,"http://dreadditevelidot.onion/post/c028b6d5fb0129fdab2a":1842325203802639075,"http://dreadditevelidot.onion/post/c333f50f1db352937160":7915796676830753892,"http://dreadditevelidot.onion/post/c483b5c894cf3b12a417":3349487608705007717,"http://dreadditevelidot.onion/post/c970a7a26dcaa772cb4c":7425851246162826755,"http://dreadditevelidot.onion/post/cf7bbb2a3c7d312d59ef":6503649763807700325,"http://dreadditevelidot.onion/post/cfd9d53a272908ef0919":977379147165296122,"http://dreadditevelidot.onion/post/d448b85cfe38e68bb6b1":16143536305121481,"http://dreadditevelidot.onion/post/d81f69d39029e28f5ea4":492680515005719113,"http://dreadditevelidot.onion/post/ddaf8f07cf9dab7b0e4e":1852959926830369301,"http://dreadditevelidot.onion/post/de16b71fcfb4485be704":5624430213934432634,"http://dreadditevelidot.onion/post/e2371265cae392bc485e":2839504201424981015,"http://dreadditevelidot.onion/post/e319de95451dfddcad47":5856926760133684588,"http://dreadditevelidot.onion/post/e522236a5864aecb450a":8643073754410066314,"http://dreadditevelidot.onion/post/e5defc3820c7e6607801":3894150287223067866,"http://dreadditevelidot.onion/post/f03576c383b1239e301e":5556458409844626763,"http://dreadditevelidot.onion/post/fabc92850eed9c28ddee":2675067092382686230,"http://dreadditevelidot.onion/post/fcd4d2b0fcdafe60327c":4983588417232060205,"http://dreadditevelidot.onion/private_key":4312662245313160325,"http://dreadditevelidot.onion/search/":2431221193347569118,"http://dreadditevelidot.onion/server-status":5065719556342106024,"http://dreadditevelidot.onion/theme":7054435447794406423,"http://dreadditevelidot.onion/theme/night":6782095963453775576,"http://dreadditevelidot.onion/u":2316811563010121386,"http://dreadditevelidot.onion/u/ASAPMedi":1302017579267650984,"http://dreadditevelidot.onion/u/Alice":1825387687087565889,"http://dreadditevelidot.onion/u/BackFromTheTrap":5403263314904711105,"http://dreadditevelidot.onion/u/BarK1ng":6423598540228035846,"http://dreadditevelidot.onion/u/BigFatCat":9135736886219917506,"http://dreadditevelidot.onion/u/BigTraffic0":9083666643861486850,"http://dreadditevelidot.onion/u/CostcoRotisserieChicken":2011326021354389995,"http://dreadditevelidot.onion/u/DNricksanchez":8236892674356369738,"http://dreadditevelidot.onion/u/DarkRagnarok":2188528912246113566,"http://dreadditevelidot.onion/u/DigitalHippy":1837774888498309120,"http://dreadditevelidot.onion/u/DisgustingPasta":3348016215761279780,"http://dreadditevelidot.onion/u/DivYConq":2816309957629795651,"http://dreadditevelidot.onion/u/Elementman":9083804109760812081,"http://dreadditevelidot.onion/u/EmpBomb":696164950895747430,"http://dreadditevelidot.onion/u/EmpireMarket":7086783192479174572,"http://dreadditevelidot.onion/u/FruitsAndBananas":5473609776295572891,"http://dreadditevelidot.onion/u/Ginyucc":6098923393541596066,"http://dreadditevelidot.onion/u/GreenPeen":2209012512944632556,"http://dreadditevelidot.onion/u/HugBunter":7940865785687401300,"http://dreadditevelidot.onion/u/KingBarthurOfXanalot":2619558914756126865,"http://dreadditevelidot.onion/u/LSD-25":125811917000349111,"http://dreadditevelidot.onion/u/LegitRX":2131177479007052458,"http://dreadditevelidot.onion/u/Linux87":4852298835477586114,"http://dreadditevelidot.onion/u/MacKenna":1136938215452564148,"http://dreadditevelidot.onion/u/Macknight19":7552347235521699259,"http://dreadditevelidot.onion/u/MaybeCriminal":4930811347530073348,"http://dreadditevelidot.onion/u/MrHOPE":5439722451959395920,"http://dreadditevelidot.onion/u/OneDoesWhatOneCan":7031143518995125548,"http://dreadditevelidot.onion/u/Orbital":7989336544409876446,"http://dreadditevelidot.onion/u/OrbitalRewiews":4281918518597014493,"http://dreadditevelidot.onion/u/Paris":6681177226008654609,"http://dreadditevelidot.onion/u/Se7en":253487672381358047,"http://dreadditevelidot.onion/u/Serpente":3862369797978637029,"http://dreadditevelidot.onion/u/Soylent":2923734383128064917,"http://dreadditevelidot.onion/u/TheBlackPope":3638510318879382686,"http://dreadditevelidot.onion/u/TheDutchPastor":8257181967981948407,"http://dreadditevelidot.onion/u/TheUnknown1666":9134602679217829897,"http://dreadditevelidot.onion/u/Witchman05":4700318395218800180,"http://dreadditevelidot.onion/u/arctic":400860497666090300,"http://dreadditevelidot.onion/u/crazycrayon1":5782488605760177519,"http://dreadditevelidot.onion/u/danktheuncle":4278318101847280032,"http://dreadditevelidot.onion/u/darkseid":7559276067103157860,"http://dreadditevelidot.onion/u/dimethylwhat":3695805361996223805,"http://dreadditevelidot.onion/u/first481988":730323699556947295,"http://dreadditevelidot.onion/u/forthehustle":3624529132392798399,"http://dreadditevelidot.onion/u/fragrantuntidy":2909827028242252529,"http://dreadditevelidot.onion/u/gabrielloveland":1224958673503386980,"http://dreadditevelidot.onion/u/gh0stmane":8719939628130572075,"http://dreadditevelidot.onion/u/grimb":5667980646118817355,"http://dreadditevelidot.onion/u/gruggrug":158476913884463137,"http://dreadditevelidot.onion/u/hatass":6035101201062426943,"http://dreadditevelidot.onion/u/idealism":5375999351515745755,"http://dreadditevelidot.onion/u/illerpirate":6338549248540407911,"http://dreadditevelidot.onion/u/jayyytomm":2996257248297383740,"http://dreadditevelidot.onion/u/killtheignorant":986359619656073700,"http://dreadditevelidot.onion/u/logicdefined":7093781854707799683,"http://dreadditevelidot.onion/u/lostaccount-weedship":6636884629203319943,"http://dreadditevelidot.onion/u/mikeheflin":2223501953255795851,"http://dreadditevelidot.onion/u/morpheus04":6254426978748770690,"http://dreadditevelidot.onion/u/mrjones1928":4731342189108493163,"http://dreadditevelidot.onion/u/neverpressedRX":4859545441871832190,"http://dreadditevelidot.onion/u/newbieforever2018":3996351097009068469,"http://dreadditevelidot.onion/u/offtherecord2A":6660388076086632512,"http://dreadditevelidot.onion/u/pepsiorcoke1990":437005728004082887,"http://dreadditevelidot.onion/u/port-royal":5269862135506235900,"http://dreadditevelidot.onion/u/rehabcashew":8046502359906577997,"http://dreadditevelidot.onion/u/suedoe":3212757296091852257,"http://dreadditevelidot.onion/u/syntax":2406644543085120311,"http://dreadditevelidot.onion/u/terminaltabs":2431688908446514130,"http://dreadditevelidot.onion/u/thehumbleguys":8185661375310813649,"http://dreadditevelidot.onion/u/throwaway111":3123273536373919759,"http://dreadditevelidot.onion/u/throwaway3331":7589733890411535893,"http://dreadditevelidot.onion/u/truthhh":4011058378352325066,"http://dreadditevelidot.onion/u/uknowyimhere":890146146972314546,"http://dreadditevelidot.onion/u/vbdispirited":3475836022745152500,"http://dreadditevelidot.onion/u/wintermute":4060307746649240013,"http://dreadditevelidot.onion/updates/":5264921125046675891},"pgpKeys":null,"certificates":null,"bitcoinServices":{},"sshKey":"","sshBanner":"","ftpFingerprint":"","ftpBanner":"","smtpFingerprint":"","smtpBanner":"","lastAction":"web","timedOut":true,"error":null,"identifierReport":{"privateKeyDetected":false,"foundApacheModStatus":false,"serverVersion":"","relatedOnionServices":null,"relatedOnionDomains":null,"ipAddresses":null,"emailAddresses":null,"analyticsIDs":null,"bitcoinAddresses":null,"linkedOnions":["7jb65gg6q7s3l35j.onion","cgdzwvvvqzijofug.onion","brag3hbmsmajs5ms.onion","rapture6p5qosjzg.onion","libertyimuhzl2kz.onion","zsionvz2kfzttpv3.onion","rtexijfqcgndum5v.onion","dscv5ng2qlf3abls.onion","darkfailllnkf4vf.onion","css.dreadditevelidot.onion","zjujg3tnbggcfg4a.onion","yba5eg5flgjiih4d.onion","hhxxfqpey7roi5vd.onion"],"openDirectories":null,"exifImages":null},"simpleReport":{"hiddenService":"dreadditevelidot.onion","risks":null}}
