{"hiddenService":"dropperibhaerr2m.onion","dateScanned":"2019-09-03T13:41:11.021301078Z","online":false,"performedScans":["web","tls","ssh","irc","ricochet","ftp","smtp","mongodb","vnc","xmpp","bitcoin","bitcoin_test","litecoin","dogecoin"],"webDetected":true,"tlsDetected":false,"sshDetected":false,"ricochetDetected":false,"ircDetected":false,"ftpDetected":false,"smtpDetected":false,"bitcoinDetected":false,"mongodbDetected":false,"vncDetected":false,"xmppDetected":false,"skynetDetected":false,"crawls":{"http://dropperibhaerr2m.onion/":7397098748022934393,"http://dropperibhaerr2m.onion/private_key":7851927687250708917,"http://dropperibhaerr2m.onion/public":2804923699818683580,"http://dropperibhaerr2m.onion/public/css":8903349864299722890,"http://dropperibhaerr2m.onion/public/css/bootstrap.min.css":93865911381351819,"http://dropperibhaerr2m.onion/public/css/main.css":3113450217412048447,"http://dropperibhaerr2m.onion/public/js":6838926810966364885,"http://dropperibhaerr2m.onion/public/js/bootstrap.min.js":663419083201376059,"http://dropperibhaerr2m.onion/public/js/jquery-3.2.1.slim.min.js":1819520502210823534,"http://dropperibhaerr2m.onion/public/js/popper-1.12.3.min.js":2314799347653630035,"http://dropperibhaerr2m.onion/server-status":2580332418284741829},"pgpKeys":null,"certificates":null,"bitcoinServices":{"bitcoin":{"detected":false,"userAgent":"","prototocolVersion":0,"onionPeers":null},"bitcoin_test":{"detected":false,"userAgent":"","prototocolVersion":0,"onionPeers":null},"dogecoin":{"detected":false,"userAgent":"","prototocolVersion":0,"onionPeers":null},"litecoin":{"detected":false,"userAgent":"","prototocolVersion":0,"onionPeers":null}},"sshKey":"","sshBanner":"","ftpFingerprint":"","ftpBanner":"","smtpFingerprint":"","smtpBanner":"","lastAction":"dogecoin","timedOut":false,"error":null,"identifierReport":{"privateKeyDetected":false,"foundApacheModStatus":false,"serverVersion":"","relatedOnionServices":null,"relatedOnionDomains":null,"ipAddresses":null,"emailAddresses":null,"analyticsIDs":null,"bitcoinAddresses":null,"linkedOnions":null,"openDirectories":null,"exifImages":null},"simpleReport":{"hiddenService":"dropperibhaerr2m.onion","risks":null}}
