{"hiddenService":"ds6p3fjyzqaw5ziz.onion","dateScanned":"2019-08-30T12:26:34.798225212Z","online":false,"performedScans":["web","tls","ssh","irc","ricochet","ftp","smtp","mongodb","vnc","xmpp","bitcoin","bitcoin_test","litecoin","dogecoin"],"webDetected":true,"tlsDetected":false,"sshDetected":false,"ricochetDetected":false,"ircDetected":false,"ftpDetected":false,"smtpDetected":false,"bitcoinDetected":false,"mongodbDetected":false,"vncDetected":false,"xmppDetected":false,"skynetDetected":false,"crawls":{"http://ds6p3fjyzqaw5ziz.onion/":7595892953537461745,"http://ds6p3fjyzqaw5ziz.onion/misc":564988397132400753,"http://ds6p3fjyzqaw5ziz.onion/misc/bm-logo.jpg":400530986132954946,"http://ds6p3fjyzqaw5ziz.onion/misc/bootstrap.css":4297082538114991566,"http://ds6p3fjyzqaw5ziz.onion/misc/captcha.php?_CAPTCHA\u0026t=0.04706000+1567168006":2890027164986902608,"http://ds6p3fjyzqaw5ziz.onion/misc/main.css":6325120336220941201,"http://ds6p3fjyzqaw5ziz.onion/misc/util.css":9013399808905486898,"http://ds6p3fjyzqaw5ziz.onion/private_key":5095827749479589133,"http://ds6p3fjyzqaw5ziz.onion/server-status":8775336102186006083},"pgpKeys":null,"certificates":null,"bitcoinServices":{"bitcoin":{"detected":false,"userAgent":"","prototocolVersion":0,"onionPeers":null},"bitcoin_test":{"detected":false,"userAgent":"","prototocolVersion":0,"onionPeers":null},"dogecoin":{"detected":false,"userAgent":"","prototocolVersion":0,"onionPeers":null},"litecoin":{"detected":false,"userAgent":"","prototocolVersion":0,"onionPeers":null}},"sshKey":"","sshBanner":"","ftpFingerprint":"","ftpBanner":"","smtpFingerprint":"","smtpBanner":"","lastAction":"dogecoin","timedOut":false,"error":null,"identifierReport":{"privateKeyDetected":false,"foundApacheModStatus":false,"serverVersion":"","relatedOnionServices":null,"relatedOnionDomains":null,"ipAddresses":null,"emailAddresses":null,"analyticsIDs":null,"bitcoinAddresses":null,"linkedOnions":["kxpn5qb3kc7dnpsm.onion","berlusconiswn2ok.onion","berlusconij6gnqp.onion","berlusconi5zqmng.onion","f53gljhn7frv5fq3.onion","7krwabhtye636eq3.onion","eenlakbilrpsqieh.onion","un3akockjbxly4nm.onion","dwmaxbiun563z5x2.onion","55j6kjwki4vjtmzp.onion","berlusconikmpmas.onion","berluscqui3nj4qz.onion","berlusconifsfwkp.onion","hky3mzk3jtmd4zt4.onion","berlusconik2s42v.onion","vnkqjwd3t34rhet7.onion","mxxx62pa7ab6g4xt.onion","tdzn6gxqrol2zspk.onion","6qgy2cfgc6kim3uc.onion","3m2pyft7fyzjqymu.onion"],"openDirectories":null,"exifImages":null},"simpleReport":{"hiddenService":"ds6p3fjyzqaw5ziz.onion","risks":null}}
