{"hiddenService":"dtnfqdwghaenxemq.onion","dateScanned":"2019-09-01T11:23:33.256169347Z","online":false,"performedScans":["web","tls","ssh","irc","ricochet","ftp","smtp","mongodb","vnc","xmpp","bitcoin","bitcoin_test","litecoin","dogecoin"],"webDetected":true,"tlsDetected":false,"sshDetected":false,"ricochetDetected":false,"ircDetected":false,"ftpDetected":false,"smtpDetected":false,"bitcoinDetected":false,"mongodbDetected":false,"vncDetected":false,"xmppDetected":false,"skynetDetected":false,"crawls":{"http://dtnfqdwghaenxemq.onion/":5079372893395143862,"http://dtnfqdwghaenxemq.onion/MIT":8437080133300920935,"http://dtnfqdwghaenxemq.onion/private_key":6532394455147225226,"http://dtnfqdwghaenxemq.onion/server-status":2708182820421284368,"http://dtnfqdwghaenxemq.onion/static":8091596445195894095,"http://dtnfqdwghaenxemq.onion/static/css":2471130169429890448,"http://dtnfqdwghaenxemq.onion/static/css/bootstrap.css":2991985524482592477,"http://dtnfqdwghaenxemq.onion/static/css/style.css":7512652625587285068},"pgpKeys":null,"certificates":null,"bitcoinServices":{"bitcoin":{"detected":false,"userAgent":"","prototocolVersion":0,"onionPeers":null},"bitcoin_test":{"detected":false,"userAgent":"","prototocolVersion":0,"onionPeers":null},"dogecoin":{"detected":false,"userAgent":"","prototocolVersion":0,"onionPeers":null},"litecoin":{"detected":false,"userAgent":"","prototocolVersion":0,"onionPeers":null}},"sshKey":"","sshBanner":"","ftpFingerprint":"","ftpBanner":"","smtpFingerprint":"","smtpBanner":"","lastAction":"dogecoin","timedOut":false,"error":null,"identifierReport":{"privateKeyDetected":false,"foundApacheModStatus":false,"serverVersion":"","relatedOnionServices":null,"relatedOnionDomains":null,"ipAddresses":null,"emailAddresses":null,"analyticsIDs":null,"bitcoinAddresses":null,"linkedOnions":["facebookcorewwwi.onion"],"openDirectories":null,"exifImages":null},"simpleReport":{"hiddenService":"dtnfqdwghaenxemq.onion","risks":null}}
