{"hiddenService":"duskgytldkxiuqc6.onion","dateScanned":"2019-08-31T13:20:10.543368687Z","online":false,"performedScans":["web","tls","ssh","irc","ricochet","ftp","smtp","mongodb","vnc","xmpp","bitcoin","bitcoin_test","litecoin","dogecoin"],"webDetected":true,"tlsDetected":false,"sshDetected":false,"ricochetDetected":false,"ircDetected":false,"ftpDetected":false,"smtpDetected":false,"bitcoinDetected":false,"mongodbDetected":false,"vncDetected":false,"xmppDetected":false,"skynetDetected":false,"crawls":{"http://duskgytldkxiuqc6.onion/":8079818070663331991,"http://duskgytldkxiuqc6.onion/#FN1":3414463665697934288,"http://duskgytldkxiuqc6.onion/#FN2":434859510124111667,"http://duskgytldkxiuqc6.onion/#FN3":8830388506386818200,"http://duskgytldkxiuqc6.onion/comsense.html":7183621146366339964,"http://duskgytldkxiuqc6.onion/federa01.htm":2162857279513650942,"http://duskgytldkxiuqc6.onion/federa02.htm":4481864802433123322,"http://duskgytldkxiuqc6.onion/federa03.htm":6104168968953691873,"http://duskgytldkxiuqc6.onion/federa04.htm":689193936863281919,"http://duskgytldkxiuqc6.onion/federa05.htm":8757164240359441971,"http://duskgytldkxiuqc6.onion/federa06.htm":9106273362214184621,"http://duskgytldkxiuqc6.onion/federa07.htm":7306390192595323942,"http://duskgytldkxiuqc6.onion/federa08.htm":8463713445646075926,"http://duskgytldkxiuqc6.onion/federa09.htm":9035193745082148968,"http://duskgytldkxiuqc6.onion/federa10.htm":3898797786215551238,"http://duskgytldkxiuqc6.onion/federa11.htm":2773304023872242273,"http://duskgytldkxiuqc6.onion/federa12.htm":2501577725990226720,"http://duskgytldkxiuqc6.onion/federa13.htm":2331975449144929197,"http://duskgytldkxiuqc6.onion/federa14.htm":8952580228301620808,"http://duskgytldkxiuqc6.onion/federa15.htm":5735754020597302350,"http://duskgytldkxiuqc6.onion/federa16.htm":5335065685744204497,"http://duskgytldkxiuqc6.onion/federa17.htm":3409237816477832608,"http://duskgytldkxiuqc6.onion/federa18.htm":5056242624839995427,"http://duskgytldkxiuqc6.onion/federa19.htm":6064099116164800848,"http://duskgytldkxiuqc6.onion/federa20.htm":2985029592803994147,"http://duskgytldkxiuqc6.onion/federa21.htm":6215570200502459875,"http://duskgytldkxiuqc6.onion/federa22.htm":3288499002197004211,"http://duskgytldkxiuqc6.onion/federa23.htm":8119784243511883803,"http://duskgytldkxiuqc6.onion/federa24.htm":5186425336041793935,"http://duskgytldkxiuqc6.onion/federa25.htm":8278307011025043209,"http://duskgytldkxiuqc6.onion/federa26.htm":6186081680465640601,"http://duskgytldkxiuqc6.onion/federa27.htm":7499698212684100863,"http://duskgytldkxiuqc6.onion/federa28.htm":7148650316897221852,"http://duskgytldkxiuqc6.onion/federa29.htm":9096796446920532789,"http://duskgytldkxiuqc6.onion/federa30.htm":6831902585025555389,"http://duskgytldkxiuqc6.onion/federa31.htm":6488246726152048485,"http://duskgytldkxiuqc6.onion/federa32.htm":1097427307790916596,"http://duskgytldkxiuqc6.onion/federa33.htm":6825427870586881721,"http://duskgytldkxiuqc6.onion/federa34.htm":3398989841179243584,"http://duskgytldkxiuqc6.onion/federa35.htm":1550117211466736875,"http://duskgytldkxiuqc6.onion/federa36.htm":7088637708106839723,"http://duskgytldkxiuqc6.onion/federa37.htm":6134163188981430072,"http://duskgytldkxiuqc6.onion/federa38.htm":3648066355244102422,"http://duskgytldkxiuqc6.onion/federa39.htm":7610752101478823950,"http://duskgytldkxiuqc6.onion/federa40.htm":2155964915718777288,"http://duskgytldkxiuqc6.onion/federa41.htm":2946618899489749500,"http://duskgytldkxiuqc6.onion/federa42.htm":7879153300524608491,"http://duskgytldkxiuqc6.onion/federa43.htm":3160782927765732515,"http://duskgytldkxiuqc6.onion/federa44.htm":4971600360203050196,"http://duskgytldkxiuqc6.onion/federa45.htm":3058111212847923006,"http://duskgytldkxiuqc6.onion/federa46.htm":2935387649704976714,"http://duskgytldkxiuqc6.onion/federa47.htm":5349198515804919988,"http://duskgytldkxiuqc6.onion/federa48.htm":8991389941026737952,"http://duskgytldkxiuqc6.onion/federa49.htm":6370483166162763913,"http://duskgytldkxiuqc6.onion/federa50.htm":2659919756812666022,"http://duskgytldkxiuqc6.onion/federa51.htm":8988942924820341854,"http://duskgytldkxiuqc6.onion/federa52.htm":681236430684011446,"http://duskgytldkxiuqc6.onion/federa53.htm":4649818120360746032,"http://duskgytldkxiuqc6.onion/federa54.htm":1979587507920636478,"http://duskgytldkxiuqc6.onion/federa55.htm":2120675401086725018,"http://duskgytldkxiuqc6.onion/federa56.htm":4243386702573675420,"http://duskgytldkxiuqc6.onion/federa57.htm":103032502871979978,"http://duskgytldkxiuqc6.onion/federa58.htm":2311553445629132766,"http://duskgytldkxiuqc6.onion/federa59.htm":8360458935460033999,"http://duskgytldkxiuqc6.onion/federa60.htm":2543023350543653713,"http://duskgytldkxiuqc6.onion/federa61.htm":5981781397463049426,"http://duskgytldkxiuqc6.onion/federa62.htm":5935182761281841708,"http://duskgytldkxiuqc6.onion/federa63.htm":2274481146190411395,"http://duskgytldkxiuqc6.onion/federa64.htm":1085198940405665241,"http://duskgytldkxiuqc6.onion/federa65.htm":6397507124625780373,"http://duskgytldkxiuqc6.onion/federa66.htm":6749321699470391299,"http://duskgytldkxiuqc6.onion/federa67.htm":183659166941987448,"http://duskgytldkxiuqc6.onion/federa68.htm":7650976669972583291,"http://duskgytldkxiuqc6.onion/federa69.htm":5014068981202936676,"http://duskgytldkxiuqc6.onion/federa70.htm":6734528090326185844,"http://duskgytldkxiuqc6.onion/federa71.htm":3298632762804547230,"http://duskgytldkxiuqc6.onion/federa72.htm":7258816015926463574,"http://duskgytldkxiuqc6.onion/federa73.htm":5110708632450290810,"http://duskgytldkxiuqc6.onion/federa74.htm":1046295675084840820,"http://duskgytldkxiuqc6.onion/federa75.htm":9095937050212878834,"http://duskgytldkxiuqc6.onion/federa76.htm":5566782749626567627,"http://duskgytldkxiuqc6.onion/federa77.htm":3725242716054784891,"http://duskgytldkxiuqc6.onion/federa78.htm":1034883736162406546,"http://duskgytldkxiuqc6.onion/federa79.htm":1846613949321697265,"http://duskgytldkxiuqc6.onion/federa80.htm":19915671795938137,"http://duskgytldkxiuqc6.onion/federa81.htm":8432745754978435099,"http://duskgytldkxiuqc6.onion/federa82.htm":5738649087639035855,"http://duskgytldkxiuqc6.onion/federa83.htm":3435205168332272438,"http://duskgytldkxiuqc6.onion/federa84.htm":1396948376520835067,"http://duskgytldkxiuqc6.onion/federa85.htm":8696283346699358119,"http://duskgytldkxiuqc6.onion/federndx.htm":5221043938717737674,"http://duskgytldkxiuqc6.onion/fedpapers/federa00.htm":6335434645738222752,"http://duskgytldkxiuqc6.onion/img/found043.jpg":1446363209981954302,"http://duskgytldkxiuqc6.onion/img/hamilton.gif":2348663055362822358,"http://duskgytldkxiuqc6.onion/img/madison1.gif":9015094379640921524,"http://duskgytldkxiuqc6.onion/private_key":2475326407010062673,"http://duskgytldkxiuqc6.onion/server-status":2566707655320779627},"pgpKeys":null,"certificates":null,"bitcoinServices":{"bitcoin":{"detected":false,"userAgent":"","prototocolVersion":0,"onionPeers":null},"bitcoin_test":{"detected":false,"userAgent":"","prototocolVersion":0,"onionPeers":null},"dogecoin":{"detected":false,"userAgent":"","prototocolVersion":0,"onionPeers":null},"litecoin":{"detected":false,"userAgent":"","prototocolVersion":0,"onionPeers":null}},"sshKey":"","sshBanner":"","ftpFingerprint":"","ftpBanner":"","smtpFingerprint":"","smtpBanner":"","lastAction":"dogecoin","timedOut":false,"error":null,"identifierReport":{"privateKeyDetected":false,"foundApacheModStatus":false,"serverVersion":"","relatedOnionServices":null,"relatedOnionDomains":null,"ipAddresses":null,"emailAddresses":["jon.roland@constitution.org"],"analyticsIDs":null,"bitcoinAddresses":null,"linkedOnions":null,"openDirectories":null,"exifImages":null},"simpleReport":{"hiddenService":"duskgytldkxiuqc6.onion","risks":[{"severity":"info","title":"Found Identities","description":"","fix":"","items":["jon.roland@constitution.org"]}]}}
