{"hiddenService":"duuoaqwcbdcqa4sz.onion","dateScanned":"2019-08-30T10:22:34.086081323Z","online":false,"performedScans":["web","tls","ssh","irc","ricochet","ftp","smtp","mongodb","vnc","xmpp","bitcoin","bitcoin_test","litecoin","dogecoin"],"webDetected":true,"tlsDetected":false,"sshDetected":false,"ricochetDetected":false,"ircDetected":false,"ftpDetected":false,"smtpDetected":false,"bitcoinDetected":false,"mongodbDetected":false,"vncDetected":false,"xmppDetected":false,"skynetDetected":false,"crawls":{"http://duuoaqwcbdcqa4sz.onion/":269781859279906831,"http://duuoaqwcbdcqa4sz.onion/css":4158315819829510285,"http://duuoaqwcbdcqa4sz.onion/css/app.css":2105887461274159670,"http://duuoaqwcbdcqa4sz.onion/forgotpassword":222465207334717438,"http://duuoaqwcbdcqa4sz.onion/images":5305282437929779994,"http://duuoaqwcbdcqa4sz.onion/images/genesislogo.png":1633498589214526424,"http://duuoaqwcbdcqa4sz.onion/images/genesislogolarge.png":2361458708386915991,"http://duuoaqwcbdcqa4sz.onion/images/oie_png.png":1414683723096373004,"http://duuoaqwcbdcqa4sz.onion/private_key":8559865026145039988,"http://duuoaqwcbdcqa4sz.onion/server-status":1165384168536815515,"http://duuoaqwcbdcqa4sz.onion/signin":499210057927888036,"http://duuoaqwcbdcqa4sz.onion/signup":6855230835297676983},"pgpKeys":null,"certificates":null,"bitcoinServices":{"bitcoin":{"detected":false,"userAgent":"","prototocolVersion":0,"onionPeers":null},"bitcoin_test":{"detected":false,"userAgent":"","prototocolVersion":0,"onionPeers":null},"dogecoin":{"detected":false,"userAgent":"","prototocolVersion":0,"onionPeers":null},"litecoin":{"detected":false,"userAgent":"","prototocolVersion":0,"onionPeers":null}},"sshKey":"","sshBanner":"","ftpFingerprint":"","ftpBanner":"","smtpFingerprint":"","smtpBanner":"","lastAction":"dogecoin","timedOut":false,"error":null,"identifierReport":{"privateKeyDetected":false,"foundApacheModStatus":false,"serverVersion":"","relatedOnionServices":null,"relatedOnionDomains":null,"ipAddresses":null,"emailAddresses":null,"analyticsIDs":null,"bitcoinAddresses":null,"linkedOnions":["v6xs4vtjh5tp4b4b.onion","kfgi5xc42pu5qaen.onion","ybyikkew5ixmh62o.onion","3rmybxbtkb5txmqv.onion","iurnxnnbn75fonho.onion","oamlbqhnd5rozdg5.onion","tgncgif77yxz3b75.onion","x5ylylnoftkolawu.onion","z356eqgtwptynqpg.onion","vntmi42a3oragmh3.onion","zkseazrr5ahabwid.onion","nd7r6w3hy4acgmqe.onion","mdwqrd7zttamnbaq.onion","etvywwhzyzcfe3tl.onion","otq5ba7lrjifnsbh.onion","2ygmyhpyg2gws3eb.onion","a7pia44wy53xj4b2.onion","n6prwvhrxlyhc3j2.onion","32zvohcmpepdgg6l.onion"],"openDirectories":null,"exifImages":null},"simpleReport":{"hiddenService":"duuoaqwcbdcqa4sz.onion","risks":null}}
