{"hiddenService":"dwmaxbiun563z5x2.onion","dateScanned":"2019-08-30T05:10:34.102052035Z","online":false,"performedScans":["web","tls","ssh","irc","ricochet","ftp","smtp","mongodb","vnc","xmpp","bitcoin","bitcoin_test","litecoin","dogecoin"],"webDetected":true,"tlsDetected":false,"sshDetected":false,"ricochetDetected":false,"ircDetected":false,"ftpDetected":false,"smtpDetected":false,"bitcoinDetected":false,"mongodbDetected":false,"vncDetected":false,"xmppDetected":false,"skynetDetected":false,"crawls":{"http://dwmaxbiun563z5x2.onion/":3726237124485762447,"http://dwmaxbiun563z5x2.onion/misc":4712784261995901700,"http://dwmaxbiun563z5x2.onion/misc/bm-logo.jpg":2434349510068029887,"http://dwmaxbiun563z5x2.onion/misc/bootstrap.css":5689956386117429178,"http://dwmaxbiun563z5x2.onion/misc/captcha.php?_CAPTCHA\u0026t=0.64799700+1567141836":8254832613402092910,"http://dwmaxbiun563z5x2.onion/misc/main.css":2101936720203670514,"http://dwmaxbiun563z5x2.onion/misc/util.css":6888029590839076250,"http://dwmaxbiun563z5x2.onion/private_key":6576139076105914783,"http://dwmaxbiun563z5x2.onion/server-status":6387763012543041820},"pgpKeys":null,"certificates":null,"bitcoinServices":{"bitcoin":{"detected":false,"userAgent":"","prototocolVersion":0,"onionPeers":null},"bitcoin_test":{"detected":false,"userAgent":"","prototocolVersion":0,"onionPeers":null},"dogecoin":{"detected":false,"userAgent":"","prototocolVersion":0,"onionPeers":null},"litecoin":{"detected":false,"userAgent":"","prototocolVersion":0,"onionPeers":null}},"sshKey":"","sshBanner":"","ftpFingerprint":"","ftpBanner":"","smtpFingerprint":"","smtpBanner":"","lastAction":"dogecoin","timedOut":false,"error":null,"identifierReport":{"privateKeyDetected":false,"foundApacheModStatus":false,"serverVersion":"","relatedOnionServices":null,"relatedOnionDomains":null,"ipAddresses":null,"emailAddresses":null,"analyticsIDs":null,"bitcoinAddresses":null,"linkedOnions":["berlusconi5zqmng.onion","berlusconik2s42v.onion","ds6p3fjyzqaw5ziz.onion","7krwabhtye636eq3.onion","kxpn5qb3kc7dnpsm.onion","berlusconiswn2ok.onion","6qgy2cfgc6kim3uc.onion","3m2pyft7fyzjqymu.onion","f53gljhn7frv5fq3.onion","berlusconikmpmas.onion","berlusconij6gnqp.onion","eenlakbilrpsqieh.onion","hky3mzk3jtmd4zt4.onion","55j6kjwki4vjtmzp.onion","un3akockjbxly4nm.onion","berluscqui3nj4qz.onion","vnkqjwd3t34rhet7.onion","mxxx62pa7ab6g4xt.onion","berlusconifsfwkp.onion","tdzn6gxqrol2zspk.onion"],"openDirectories":null,"exifImages":null},"simpleReport":{"hiddenService":"dwmaxbiun563z5x2.onion","risks":null}}
