{"hiddenService":"dzcolkv7tur5ajw3.onion","dateScanned":"2019-08-30T06:40:22.829428691Z","online":false,"performedScans":["web","tls","ssh","irc","ricochet","ftp","smtp","mongodb","vnc","xmpp","bitcoin","bitcoin_test","litecoin","dogecoin"],"webDetected":true,"tlsDetected":false,"sshDetected":false,"ricochetDetected":false,"ircDetected":false,"ftpDetected":false,"smtpDetected":false,"bitcoinDetected":false,"mongodbDetected":false,"vncDetected":false,"xmppDetected":false,"skynetDetected":false,"crawls":{"http://dzcolkv7tur5ajw3.onion/":611050974859511525,"http://dzcolkv7tur5ajw3.onion/cap":7142502507508397212,"http://dzcolkv7tur5ajw3.onion/cap/capshow.php":4450856178072227474,"http://dzcolkv7tur5ajw3.onion/dist":6781518729350260403,"http://dzcolkv7tur5ajw3.onion/dist/css":8546537060240993086,"http://dzcolkv7tur5ajw3.onion/dist/css/rs7exe7.css":4088334838219698503,"http://dzcolkv7tur5ajw3.onion/dist/css/rs7exe7.min.css":4501188064483850615,"http://dzcolkv7tur5ajw3.onion/favicon.ico":1891187640883825805,"http://dzcolkv7tur5ajw3.onion/forgotpass.php":956596353462721207,"http://dzcolkv7tur5ajw3.onion/login.php":259054843714425761,"http://dzcolkv7tur5ajw3.onion/private_key":1002844834019108612,"http://dzcolkv7tur5ajw3.onion/register.php":3040657287142386152,"http://dzcolkv7tur5ajw3.onion/server-status":2518762846472277438,"http://dzcolkv7tur5ajw3.onion/sidebar.png":4050492150806068347,"http://dzcolkv7tur5ajw3.onion/support.php":5675640719617586956},"pgpKeys":null,"certificates":null,"bitcoinServices":{"bitcoin":{"detected":false,"userAgent":"","prototocolVersion":0,"onionPeers":null},"bitcoin_test":{"detected":false,"userAgent":"","prototocolVersion":0,"onionPeers":null},"dogecoin":{"detected":false,"userAgent":"","prototocolVersion":0,"onionPeers":null},"litecoin":{"detected":false,"userAgent":"","prototocolVersion":0,"onionPeers":null}},"sshKey":"","sshBanner":"","ftpFingerprint":"","ftpBanner":"","smtpFingerprint":"","smtpBanner":"","lastAction":"dogecoin","timedOut":false,"error":null,"identifierReport":{"privateKeyDetected":false,"foundApacheModStatus":false,"serverVersion":"","relatedOnionServices":null,"relatedOnionDomains":null,"ipAddresses":null,"emailAddresses":null,"analyticsIDs":null,"bitcoinAddresses":null,"linkedOnions":["apollionmy7q52qc.onion","raptortiabg7uyez.onion","dreadditevelidot.onion"],"openDirectories":null,"exifImages":null},"simpleReport":{"hiddenService":"dzcolkv7tur5ajw3.onion","risks":null}}
