{"hiddenService":"eenlakbilrpsqieh.onion","dateScanned":"2019-08-30T14:31:48.417774413Z","online":false,"performedScans":["web","tls","ssh","irc","ricochet","ftp","smtp","mongodb","vnc","xmpp","bitcoin","bitcoin_test","litecoin","dogecoin"],"webDetected":true,"tlsDetected":false,"sshDetected":false,"ricochetDetected":false,"ircDetected":false,"ftpDetected":false,"smtpDetected":false,"bitcoinDetected":false,"mongodbDetected":false,"vncDetected":false,"xmppDetected":false,"skynetDetected":false,"crawls":{"http://eenlakbilrpsqieh.onion/":7109985471317032517,"http://eenlakbilrpsqieh.onion/misc/bm-logo.jpg":669686646638310202,"http://eenlakbilrpsqieh.onion/misc/bootstrap.css":6367168039823976758,"http://eenlakbilrpsqieh.onion/misc/captcha.php?_CAPTCHA\u0026t=0.46203500+1567142458":967757236043232112,"http://eenlakbilrpsqieh.onion/misc/main.css":82691002836522315,"http://eenlakbilrpsqieh.onion/misc/util.css":6146672139677394660,"http://eenlakbilrpsqieh.onion/private_key":4915874072220013945,"http://eenlakbilrpsqieh.onion/server-status":8089804179618275280},"pgpKeys":null,"certificates":null,"bitcoinServices":{"bitcoin":{"detected":false,"userAgent":"","prototocolVersion":0,"onionPeers":null},"bitcoin_test":{"detected":false,"userAgent":"","prototocolVersion":0,"onionPeers":null},"dogecoin":{"detected":false,"userAgent":"","prototocolVersion":0,"onionPeers":null},"litecoin":{"detected":false,"userAgent":"","prototocolVersion":0,"onionPeers":null}},"sshKey":"","sshBanner":"","ftpFingerprint":"","ftpBanner":"","smtpFingerprint":"","smtpBanner":"","lastAction":"dogecoin","timedOut":false,"error":null,"identifierReport":{"privateKeyDetected":false,"foundApacheModStatus":false,"serverVersion":"","relatedOnionServices":null,"relatedOnionDomains":null,"ipAddresses":null,"emailAddresses":null,"analyticsIDs":null,"bitcoinAddresses":null,"linkedOnions":["berlusconi5zqmng.onion","hky3mzk3jtmd4zt4.onion","7krwabhtye636eq3.onion","3m2pyft7fyzjqymu.onion","vnkqjwd3t34rhet7.onion","55j6kjwki4vjtmzp.onion","tdzn6gxqrol2zspk.onion","un3akockjbxly4nm.onion","kxpn5qb3kc7dnpsm.onion","dwmaxbiun563z5x2.onion","ds6p3fjyzqaw5ziz.onion","6qgy2cfgc6kim3uc.onion","mxxx62pa7ab6g4xt.onion","berlusconifsfwkp.onion","berlusconik2s42v.onion","f53gljhn7frv5fq3.onion","berlusconikmpmas.onion","berlusconiswn2ok.onion","berlusconij6gnqp.onion","berluscqui3nj4qz.onion"],"openDirectories":null,"exifImages":null},"simpleReport":{"hiddenService":"eenlakbilrpsqieh.onion","risks":null}}
