{"hiddenService":"eludemaillhqfkh5.onion","dateScanned":"2019-08-30T01:42:14.707579427Z","online":false,"performedScans":["web","tls","ssh","irc","ricochet","ftp","smtp","mongodb","vnc","xmpp","bitcoin","bitcoin_test","litecoin","dogecoin"],"webDetected":true,"tlsDetected":false,"sshDetected":false,"ricochetDetected":false,"ircDetected":false,"ftpDetected":false,"smtpDetected":false,"bitcoinDetected":false,"mongodbDetected":false,"vncDetected":false,"xmppDetected":false,"skynetDetected":false,"crawls":{"http://eludemaillhqfkh5.onion/":6278729193286080383,"http://eludemaillhqfkh5.onion/#bottom":5938414848160871001,"http://eludemaillhqfkh5.onion/?/Css/0/User/-/A/-/717cb0a57941a181f6f1cbdd178ce77d/Hash/-/":3669343061015879209,"http://eludemaillhqfkh5.onion/about":6619859486066636939,"http://eludemaillhqfkh5.onion/captcha":4329626625038277664,"http://eludemaillhqfkh5.onion/captcha/flat?08D9KWss":4417976700469592022,"http://eludemaillhqfkh5.onion/captcha/flat?2IfM4tSM":2153654306780634959,"http://eludemaillhqfkh5.onion/captcha/flat?2wRZz84m":8253596207104193454,"http://eludemaillhqfkh5.onion/captcha/flat?5YHxDILl":9015765250330229129,"http://eludemaillhqfkh5.onion/captcha/flat?F6ha8ANx":6759417817801945990,"http://eludemaillhqfkh5.onion/captcha/flat?GawYPOcc":8334756056673955053,"http://eludemaillhqfkh5.onion/captcha/flat?NqA56hO9":6994855523211258994,"http://eludemaillhqfkh5.onion/captcha/flat?f8SxlZw4":753808449990823065,"http://eludemaillhqfkh5.onion/captcha/flat?nW292ukH":3228389018470843336,"http://eludemaillhqfkh5.onion/captcha/flat?rwGRlvtm":8837133785826090084,"http://eludemaillhqfkh5.onion/captcha/flat?xzxFRGg7":3881315170100408815,"http://eludemaillhqfkh5.onion/contact":3996545344553307918,"http://eludemaillhqfkh5.onion/css":8317355787539049401,"http://eludemaillhqfkh5.onion/css/app.css":4300387500262195417,"http://eludemaillhqfkh5.onion/css/error.css":8374527865460065428,"http://eludemaillhqfkh5.onion/css/grid.css":3478769163355516842,"http://eludemaillhqfkh5.onion/css/loader.css":3164315510124937881,"http://eludemaillhqfkh5.onion/css/logo.css":1015228493195892326,"http://eludemaillhqfkh5.onion/exchange":546604513056707085,"http://eludemaillhqfkh5.onion/exchange/start?c=btc":4514609698891493304,"http://eludemaillhqfkh5.onion/exchange/start?c=xmr":9207067389511313749,"http://eludemaillhqfkh5.onion/img":37905237387984400,"http://eludemaillhqfkh5.onion/img/favicon.png":1460339255857464598,"http://eludemaillhqfkh5.onion/img/mixing-process.png":8335023388876032527,"http://eludemaillhqfkh5.onion/img/taint-analysis.jpg":2687317254382377040,"http://eludemaillhqfkh5.onion/img/webclient-rainloop-small.png":4862348710104264461,"http://eludemaillhqfkh5.onion/img/webclient-rainloop.png":5433390934239947744,"http://eludemaillhqfkh5.onion/img/webclient-squirrel-small.png":7276168716668480059,"http://eludemaillhqfkh5.onion/img/webclient-squirrel.png":8424966378343405161,"http://eludemaillhqfkh5.onion/insert":7790216744258623760,"http://eludemaillhqfkh5.onion/insert/campaigns":834571539697405183,"http://eludemaillhqfkh5.onion/login":169328520672146856,"http://eludemaillhqfkh5.onion/login/rainloop":6003303555642726713,"http://eludemaillhqfkh5.onion/login/squirrel":7266973545926924936,"http://eludemaillhqfkh5.onion/mixer":4339102032621650401,"http://eludemaillhqfkh5.onion/mixer/start":8462799579078746603,"http://eludemaillhqfkh5.onion/mixer/start?q=one_more_forward_address":8435104663940116462,"http://eludemaillhqfkh5.onion/privacy-policy":8334503887814615012,"http://eludemaillhqfkh5.onion/private_key":8085607405018253339,"http://eludemaillhqfkh5.onion/rainloop":4874232446369701298,"http://eludemaillhqfkh5.onion/rainloop/v":7835954121152890469,"http://eludemaillhqfkh5.onion/rainloop/v/1.13.0":8572023208026152057,"http://eludemaillhqfkh5.onion/rainloop/v/1.13.0/static":9046344700678928923,"http://eludemaillhqfkh5.onion/rainloop/v/1.13.0/static/css":4648525656932167782,"http://eludemaillhqfkh5.onion/rainloop/v/1.13.0/static/css/app.min.css?community":2415365455807289796,"http://eludemaillhqfkh5.onion/rainloop/v/1.13.0/static/js":5460944287333824353,"http://eludemaillhqfkh5.onion/rainloop/v/1.13.0/static/js/min":1204439281563147698,"http://eludemaillhqfkh5.onion/rainloop/v/1.13.0/static/js/min/boot.min.js?community":3530012503700205722,"http://eludemaillhqfkh5.onion/rainloop/v/1.13.0/static/js/min/polyfills.min.js?community":527482204547683498,"http://eludemaillhqfkh5.onion/rainloop/v/1.13.0/static/manifest.json?community":9040608563950974086,"http://eludemaillhqfkh5.onion/server-status":5669972122801650394,"http://eludemaillhqfkh5.onion/settings":4409503474659381952,"http://eludemaillhqfkh5.onion/signin":2457044936835126992,"http://eludemaillhqfkh5.onion/signup":5470250274078245256,"http://eludemaillhqfkh5.onion/terms-of-service":2747673770362852939,"http://eludemaillhqfkh5.onion/wallet":732806970370430825,"http://eludemaillhqfkh5.onion/wallet/deposit":6126984895705884495,"http://eludemaillhqfkh5.onion/wallet/withdraw":691030022131051402,"http://eludemaillhqfkh5.onion/wallet/withdraw/donate":9169626428969281026,"http://eludemaillhqfkh5.onion/webclient":3171932737274344535},"pgpKeys":null,"certificates":null,"bitcoinServices":{"bitcoin":{"detected":false,"userAgent":"","prototocolVersion":0,"onionPeers":null},"bitcoin_test":{"detected":false,"userAgent":"","prototocolVersion":0,"onionPeers":null},"dogecoin":{"detected":false,"userAgent":"","prototocolVersion":0,"onionPeers":null},"litecoin":{"detected":false,"userAgent":"","prototocolVersion":0,"onionPeers":null}},"sshKey":"","sshBanner":"","ftpFingerprint":"","ftpBanner":"","smtpFingerprint":"","smtpBanner":"","lastAction":"dogecoin","timedOut":false,"error":null,"identifierReport":{"privateKeyDetected":false,"foundApacheModStatus":false,"serverVersion":"","relatedOnionServices":null,"relatedOnionDomains":null,"ipAddresses":null,"emailAddresses":["contact@elude.in","contact@elude.in?subject=User%20Enquiry\u0026body=Hi%0D%0A%0D%0AI'm%20interested%20in%20more%20information%20about%EludeMail%0D%0A%0D%0ANumber%20of%20users:%0D%0A%0D%0AQuestions:%0D%0A","johnsmith@elude.in","john@elude.in","john@eludemaillhqfkh5.onion","foo@elude.in","foo@eludemail.cc"],"analyticsIDs":null,"bitcoinAddresses":null,"linkedOnions":null,"openDirectories":null,"exifImages":[{"location":"/img/taint-analysis.jpg","exifTags":[{"name":"ResolutionUnit","value":"2"},{"name":"ExifIFDPointer","value":"90"},{"name":"ColorSpace","value":"1"},{"name":"PixelXDimension","value":"712"},{"name":"PixelYDimension","value":"240"},{"name":"Orientation","value":"1"},{"name":"XResolution","value":"\"72/1\""},{"name":"YResolution","value":"\"72/1\""}]}]},"simpleReport":{"hiddenService":"eludemaillhqfkh5.onion","risks":[{"severity":"info","title":"Found Identities","description":"","fix":"","items":["contact@elude.in","contact@elude.in?subject=User%20Enquiry\u0026body=Hi%0D%0A%0D%0AI'm%20interested%20in%20more%20information%20about%EludeMail%0D%0A%0D%0ANumber%20of%20users:%0D%0A%0D%0AQuestions:%0D%0A","johnsmith@elude.in","john@elude.in","john@eludemaillhqfkh5.onion","foo@elude.in","foo@eludemail.cc"]},{"severity":"medium","title":"Small number of images with EXIF metadata were discovered!","description":"Why this is bad: EXIF metadata can itself deanonymize a user or service operator (e.g. GPS location, Name etc.). Or, when combined, can be used to link anonymous identities together.","fix":"To fix, re-encode all images to strip EXIF and other metadata.","items":["/img/taint-analysis.jpg"]}]}}
