{"hiddenService":"empiremktxgjovhm.onion","dateScanned":"2019-08-30T11:03:54.322986207Z","online":false,"performedScans":["web","tls","ssh","irc","ricochet","ftp","smtp","mongodb","vnc","xmpp","bitcoin","bitcoin_test","litecoin","dogecoin"],"webDetected":true,"tlsDetected":false,"sshDetected":false,"ricochetDetected":false,"ircDetected":false,"ftpDetected":false,"smtpDetected":false,"bitcoinDetected":false,"mongodbDetected":false,"vncDetected":false,"xmppDetected":false,"skynetDetected":false,"crawls":{"http://empiremktxgjovhm.onion/":5453788537113380891,"http://empiremktxgjovhm.onion//favicon.png":6142504637920525732,"http://empiremktxgjovhm.onion/favicon.png":379033911436607958,"http://empiremktxgjovhm.onion/index":3968889860505545040,"http://empiremktxgjovhm.onion/index/forgot":8061889805493410581,"http://empiremktxgjovhm.onion/index/forgot/password":6069816341746029880,"http://empiremktxgjovhm.onion/login":2608391381364300535,"http://empiremktxgjovhm.onion/private_key":4398630518704537665,"http://empiremktxgjovhm.onion/public":1404598462754960615,"http://empiremktxgjovhm.onion/public/captchaimg":6038650154443596054,"http://empiremktxgjovhm.onion/public/captchaimg/1567162889.8018.jpg":2356220082076167469,"http://empiremktxgjovhm.onion/public/captchaimg/1567162891.8653.jpg":4950199296514651857,"http://empiremktxgjovhm.onion/public/captchaimg/1567162893.7268.jpg":7082561647007175782,"http://empiremktxgjovhm.onion/public/captchaimg/1567162899.3366.jpg":2462064979001820395,"http://empiremktxgjovhm.onion/public/captchaimg/1567162900.3454.jpg":2467719563664883988,"http://empiremktxgjovhm.onion/public/captchaimg/1567162901.3328.jpg":3729953667281051871,"http://empiremktxgjovhm.onion/public/captchaimg/1567162902.3438.jpg":7489344905265689046,"http://empiremktxgjovhm.onion/public/captchaimg/1567162903.3474.jpg":2346205702209011114,"http://empiremktxgjovhm.onion/public/captchaimg/1567162904.3011.jpg":843941030415714516,"http://empiremktxgjovhm.onion/public/css":5734585096093451629,"http://empiremktxgjovhm.onion/public/css/font-awesome.min.css":3865193262851930346,"http://empiremktxgjovhm.onion/public/css/style.css":7035130198323951811,"http://empiremktxgjovhm.onion/public/css/style.css?v=2":5279596882208952890,"http://empiremktxgjovhm.onion/register":7066654009861780545,"http://empiremktxgjovhm.onion/safe":1194434875646705857,"http://empiremktxgjovhm.onion/server-status":7245391882701331687},"pgpKeys":null,"certificates":null,"bitcoinServices":{"bitcoin":{"detected":false,"userAgent":"","prototocolVersion":0,"onionPeers":null},"bitcoin_test":{"detected":false,"userAgent":"","prototocolVersion":0,"onionPeers":null},"dogecoin":{"detected":false,"userAgent":"","prototocolVersion":0,"onionPeers":null},"litecoin":{"detected":false,"userAgent":"","prototocolVersion":0,"onionPeers":null}},"sshKey":"","sshBanner":"","ftpFingerprint":"","ftpBanner":"","smtpFingerprint":"","smtpBanner":"","lastAction":"dogecoin","timedOut":false,"error":null,"identifierReport":{"privateKeyDetected":false,"foundApacheModStatus":false,"serverVersion":"","relatedOnionServices":null,"relatedOnionDomains":null,"ipAddresses":null,"emailAddresses":null,"analyticsIDs":null,"bitcoinAddresses":null,"linkedOnions":["tpo7v66snknyugsf.onion"],"openDirectories":null,"exifImages":null},"simpleReport":{"hiddenService":"empiremktxgjovhm.onion","risks":null}}
