{"hiddenService":"envoys5appps3bin.onion","dateScanned":"2019-08-30T13:49:50.933763589Z","online":false,"performedScans":["web","tls","ssh","irc","ricochet","ftp","smtp","mongodb","vnc","xmpp","bitcoin","bitcoin_test","litecoin","dogecoin"],"webDetected":true,"tlsDetected":false,"sshDetected":false,"ricochetDetected":false,"ircDetected":false,"ftpDetected":false,"smtpDetected":false,"bitcoinDetected":false,"mongodbDetected":false,"vncDetected":false,"xmppDetected":false,"skynetDetected":false,"crawls":{"http://envoys5appps3bin.onion/":4542022998133786974,"http://envoys5appps3bin.onion/?action=credits":5481790860413770788,"http://envoys5appps3bin.onion/Themes":4238618177017541502,"http://envoys5appps3bin.onion/Themes/UX-R1":4265275340849333868,"http://envoys5appps3bin.onion/Themes/UX-R1/css":8895290657362202877,"http://envoys5appps3bin.onion/Themes/UX-R1/css/index.css?fin20":3751747247591085729,"http://envoys5appps3bin.onion/Themes/UX-R1/css/responsive.css?fin20":2656246254787970148,"http://envoys5appps3bin.onion/Themes/UX-R1/css/slicknav.css?fin20":5874252059986080026,"http://envoys5appps3bin.onion/Themes/UX-R1/images":5522780038558797023,"http://envoys5appps3bin.onion/Themes/UX-R1/images/custom":5286437436497976543,"http://envoys5appps3bin.onion/Themes/UX-R1/images/icons":1791677617619036067,"http://envoys5appps3bin.onion/Themes/UX-R1/images/icons/login_sm.gif":5648730983189142838,"http://envoys5appps3bin.onion/Themes/UX-R1/scripts":8446159987779158493,"http://envoys5appps3bin.onion/Themes/UX-R1/scripts/jquery.slicknav.js":7224506045844717094,"http://envoys5appps3bin.onion/Themes/UX-R1/scripts/theme.js?fin20":2957698623617538246,"http://envoys5appps3bin.onion/Themes/default":1611111703742539869,"http://envoys5appps3bin.onion/Themes/default/css":7761106098554474711,"http://envoys5appps3bin.onion/Themes/default/css/wireless.css":2923062515656653345,"http://envoys5appps3bin.onion/Themes/default/scripts":1298824832410161944,"http://envoys5appps3bin.onion/Themes/default/scripts/a_manager":1713155750068721070,"http://envoys5appps3bin.onion/Themes/default/scripts/a_manager/manager.js?102":1053553688729864625,"http://envoys5appps3bin.onion/Themes/default/scripts/captcha.js":7292533790920268649,"http://envoys5appps3bin.onion/Themes/default/scripts/script.js?fin20":958040765466361161,"http://envoys5appps3bin.onion/Themes/default/scripts/sha1.js":4190577197176165831,"http://envoys5appps3bin.onion/index.php":8944142408610949216,"http://envoys5appps3bin.onion/index.php?action=credits":2157821187484996143,"http://envoys5appps3bin.onion/index.php?action=help":5024876309903825932,"http://envoys5appps3bin.onion/index.php?action=login":5056683417366877829,"http://envoys5appps3bin.onion/index.php?action=register":2176576269224072112,"http://envoys5appps3bin.onion/index.php?action=reminder":7046743611059110019,"http://envoys5appps3bin.onion/index.php?action=search":7290371593588590799,"http://envoys5appps3bin.onion/index.php?action=shop":8523660259320582846,"http://envoys5appps3bin.onion/index.php?nowap":643743740527051093,"http://envoys5appps3bin.onion/index.php?wap2":124668298883103487,"http://envoys5appps3bin.onion/private_key":4350842649592856763,"http://envoys5appps3bin.onion/server-status":7042452614817707856},"pgpKeys":null,"certificates":null,"bitcoinServices":{"bitcoin":{"detected":false,"userAgent":"","prototocolVersion":0,"onionPeers":null},"bitcoin_test":{"detected":false,"userAgent":"","prototocolVersion":0,"onionPeers":null},"dogecoin":{"detected":false,"userAgent":"","prototocolVersion":0,"onionPeers":null},"litecoin":{"detected":false,"userAgent":"","prototocolVersion":0,"onionPeers":null}},"sshKey":"","sshBanner":"","ftpFingerprint":"","ftpBanner":"","smtpFingerprint":"","smtpBanner":"","lastAction":"dogecoin","timedOut":false,"error":null,"identifierReport":{"privateKeyDetected":false,"foundApacheModStatus":false,"serverVersion":"","relatedOnionServices":null,"relatedOnionDomains":null,"ipAddresses":null,"emailAddresses":null,"analyticsIDs":null,"bitcoinAddresses":null,"linkedOnions":["hky3mzk3jtmd4zt4.onion"],"openDirectories":null,"exifImages":null},"simpleReport":{"hiddenService":"envoys5appps3bin.onion","risks":null}}
