{"hiddenService":"etvywwhzyzcfe3tl.onion","dateScanned":"2019-08-30T15:49:18.850296612Z","online":false,"performedScans":["web","tls","ssh","irc","ricochet","ftp","smtp","mongodb","vnc","xmpp","bitcoin","bitcoin_test","litecoin","dogecoin"],"webDetected":true,"tlsDetected":false,"sshDetected":false,"ricochetDetected":false,"ircDetected":false,"ftpDetected":false,"smtpDetected":false,"bitcoinDetected":false,"mongodbDetected":false,"vncDetected":false,"xmppDetected":false,"skynetDetected":false,"crawls":{"http://etvywwhzyzcfe3tl.onion/":1295086861398166062,"http://etvywwhzyzcfe3tl.onion/css":1716568373262463024,"http://etvywwhzyzcfe3tl.onion/css/app.css":8809431452153015913,"http://etvywwhzyzcfe3tl.onion/forgotpassword":3431253334088168632,"http://etvywwhzyzcfe3tl.onion/images":2890031656283738390,"http://etvywwhzyzcfe3tl.onion/images/genesislogo.png":4607593393086220127,"http://etvywwhzyzcfe3tl.onion/images/genesislogolarge.png":2149852417788669672,"http://etvywwhzyzcfe3tl.onion/images/oie_png.png":6925596357439696775,"http://etvywwhzyzcfe3tl.onion/private_key":4561158458223665660,"http://etvywwhzyzcfe3tl.onion/server-status":6943333478438810907,"http://etvywwhzyzcfe3tl.onion/signin":2219872477497259130,"http://etvywwhzyzcfe3tl.onion/signup":7992213834022966509},"pgpKeys":null,"certificates":null,"bitcoinServices":{"bitcoin":{"detected":false,"userAgent":"","prototocolVersion":0,"onionPeers":null},"bitcoin_test":{"detected":false,"userAgent":"","prototocolVersion":0,"onionPeers":null},"dogecoin":{"detected":false,"userAgent":"","prototocolVersion":0,"onionPeers":null},"litecoin":{"detected":false,"userAgent":"","prototocolVersion":0,"onionPeers":null}},"sshKey":"","sshBanner":"","ftpFingerprint":"","ftpBanner":"","smtpFingerprint":"","smtpBanner":"","lastAction":"dogecoin","timedOut":false,"error":null,"identifierReport":{"privateKeyDetected":false,"foundApacheModStatus":false,"serverVersion":"","relatedOnionServices":null,"relatedOnionDomains":null,"ipAddresses":null,"emailAddresses":null,"analyticsIDs":null,"bitcoinAddresses":null,"linkedOnions":["nd7r6w3hy4acgmqe.onion","2ygmyhpyg2gws3eb.onion","ybyikkew5ixmh62o.onion","a7pia44wy53xj4b2.onion","x5ylylnoftkolawu.onion","duuoaqwcbdcqa4sz.onion","n6prwvhrxlyhc3j2.onion","z356eqgtwptynqpg.onion","zkseazrr5ahabwid.onion","oamlbqhnd5rozdg5.onion","v6xs4vtjh5tp4b4b.onion","kfgi5xc42pu5qaen.onion","32zvohcmpepdgg6l.onion","otq5ba7lrjifnsbh.onion","iurnxnnbn75fonho.onion","tgncgif77yxz3b75.onion","3rmybxbtkb5txmqv.onion","vntmi42a3oragmh3.onion","mdwqrd7zttamnbaq.onion"],"openDirectories":null,"exifImages":null},"simpleReport":{"hiddenService":"etvywwhzyzcfe3tl.onion","risks":null}}
