{"hiddenService":"f53gljhn7frv5fq3.onion","dateScanned":"2019-08-30T02:40:46.448552552Z","online":false,"performedScans":["web","tls","ssh","irc","ricochet","ftp","smtp","mongodb","vnc","xmpp","bitcoin","bitcoin_test","litecoin","dogecoin"],"webDetected":true,"tlsDetected":false,"sshDetected":false,"ricochetDetected":false,"ircDetected":false,"ftpDetected":false,"smtpDetected":false,"bitcoinDetected":false,"mongodbDetected":false,"vncDetected":false,"xmppDetected":false,"skynetDetected":false,"crawls":{"http://f53gljhn7frv5fq3.onion/":5612367805327119577,"http://f53gljhn7frv5fq3.onion/misc":4789433661128437709,"http://f53gljhn7frv5fq3.onion/misc/bm-logo.jpg":3122691881121846577,"http://f53gljhn7frv5fq3.onion/misc/bootstrap.css":4697196186180098869,"http://f53gljhn7frv5fq3.onion/misc/captcha.php?_CAPTCHA\u0026t=0.80490300+1567132848":7231803502070896542,"http://f53gljhn7frv5fq3.onion/misc/main.css":6495172996424583427,"http://f53gljhn7frv5fq3.onion/misc/util.css":6231898307601506444,"http://f53gljhn7frv5fq3.onion/private_key":3435728025632307100,"http://f53gljhn7frv5fq3.onion/server-status":6677706396585190397},"pgpKeys":null,"certificates":null,"bitcoinServices":{"bitcoin":{"detected":false,"userAgent":"","prototocolVersion":0,"onionPeers":null},"bitcoin_test":{"detected":false,"userAgent":"","prototocolVersion":0,"onionPeers":null},"dogecoin":{"detected":false,"userAgent":"","prototocolVersion":0,"onionPeers":null},"litecoin":{"detected":false,"userAgent":"","prototocolVersion":0,"onionPeers":null}},"sshKey":"","sshBanner":"","ftpFingerprint":"","ftpBanner":"","smtpFingerprint":"","smtpBanner":"","lastAction":"dogecoin","timedOut":false,"error":null,"identifierReport":{"privateKeyDetected":false,"foundApacheModStatus":false,"serverVersion":"","relatedOnionServices":null,"relatedOnionDomains":null,"ipAddresses":null,"emailAddresses":null,"analyticsIDs":null,"bitcoinAddresses":null,"linkedOnions":["berlusconik2s42v.onion","6qgy2cfgc6kim3uc.onion","berlusconiswn2ok.onion","berluscqui3nj4qz.onion","un3akockjbxly4nm.onion","kxpn5qb3kc7dnpsm.onion","3m2pyft7fyzjqymu.onion","berlusconij6gnqp.onion","dwmaxbiun563z5x2.onion","hky3mzk3jtmd4zt4.onion","55j6kjwki4vjtmzp.onion","eenlakbilrpsqieh.onion","tdzn6gxqrol2zspk.onion","berlusconikmpmas.onion","ds6p3fjyzqaw5ziz.onion","7krwabhtye636eq3.onion","vnkqjwd3t34rhet7.onion","berlusconifsfwkp.onion","berlusconi5zqmng.onion","mxxx62pa7ab6g4xt.onion"],"openDirectories":null,"exifImages":null},"simpleReport":{"hiddenService":"f53gljhn7frv5fq3.onion","risks":null}}
