{"hiddenService":"falacyq4ajsmr3h5.onion","dateScanned":"2019-08-31T15:03:31.118495916Z","online":false,"performedScans":["web","tls","ssh","irc","ricochet","ftp","smtp","mongodb","vnc","xmpp","bitcoin","bitcoin_test","litecoin","dogecoin"],"webDetected":true,"tlsDetected":false,"sshDetected":false,"ricochetDetected":false,"ircDetected":false,"ftpDetected":false,"smtpDetected":false,"bitcoinDetected":false,"mongodbDetected":false,"vncDetected":false,"xmppDetected":false,"skynetDetected":false,"crawls":{"http://falacyq4ajsmr3h5.onion/":5444032393115514221,"http://falacyq4ajsmr3h5.onion/contact.html":2079356814184427236,"http://falacyq4ajsmr3h5.onion/conteudo.php?id=1":3307557576055742591,"http://falacyq4ajsmr3h5.onion/conteudo.php?id=2":6419379583873063136,"http://falacyq4ajsmr3h5.onion/css":5013450681144740349,"http://falacyq4ajsmr3h5.onion/css/conteudo.css":8685420825045176693,"http://falacyq4ajsmr3h5.onion/css/links.css":6663342765805635362,"http://falacyq4ajsmr3h5.onion/css/style.css":5527053847796595088,"http://falacyq4ajsmr3h5.onion/index.html":9223293924897680257,"http://falacyq4ajsmr3h5.onion/index.php":6899837626620515346,"http://falacyq4ajsmr3h5.onion/links.html":277903115431154373,"http://falacyq4ajsmr3h5.onion/media":3367974043339295108,"http://falacyq4ajsmr3h5.onion/media/img":8726179896824156574,"http://falacyq4ajsmr3h5.onion/media/img/favicon(1).ico":6854641296190152524,"http://falacyq4ajsmr3h5.onion/media/img/karona.jpg":8542928666979678351,"http://falacyq4ajsmr3h5.onion/media/img/logo_f1.png":314655000404205143,"http://falacyq4ajsmr3h5.onion/private_key":4028047788157609156,"http://falacyq4ajsmr3h5.onion/server-status":8270179349959878449},"pgpKeys":null,"certificates":null,"bitcoinServices":{"bitcoin":{"detected":false,"userAgent":"","prototocolVersion":0,"onionPeers":null},"bitcoin_test":{"detected":false,"userAgent":"","prototocolVersion":0,"onionPeers":null},"dogecoin":{"detected":false,"userAgent":"","prototocolVersion":0,"onionPeers":null},"litecoin":{"detected":false,"userAgent":"","prototocolVersion":0,"onionPeers":null}},"sshKey":"","sshBanner":"","ftpFingerprint":"","ftpBanner":"","smtpFingerprint":"","smtpBanner":"","lastAction":"dogecoin","timedOut":false,"error":null,"identifierReport":{"privateKeyDetected":false,"foundApacheModStatus":false,"serverVersion":"","relatedOnionServices":null,"relatedOnionDomains":null,"ipAddresses":null,"emailAddresses":["folgato@mail.com","robode@mail.com","tyrion@mail.com"],"analyticsIDs":null,"bitcoinAddresses":null,"linkedOnions":["consul3ear5iqcpj.onion","agora3cdw6kdty5y.onion","cfyfz6afpgfeirst.onion","2ooosblmcnaqvmju.onion","www.consul3ear5iqcpj.onion","pzqcmpphmomfvih2.onion","4zx5l6nyfhtqxzad.onion"],"openDirectories":null,"exifImages":[{"location":"/media/img/karona.jpg","exifTags":[{"name":"YResolution","value":"\"72/1\""},{"name":"ResolutionUnit","value":"2"},{"name":"Software","value":"\"GIMP 2.10.12\""},{"name":"DateTime","value":"\"2019:07:15 17:22:47\""},{"name":"ThumbJPEGInterchangeFormat","value":"232"},{"name":"ThumbJPEGInterchangeFormatLength","value":"9118"},{"name":"XResolution","value":"\"72/1\""}]}]},"simpleReport":{"hiddenService":"falacyq4ajsmr3h5.onion","risks":[{"severity":"info","title":"Found Identities","description":"","fix":"","items":["folgato@mail.com","robode@mail.com","tyrion@mail.com"]},{"severity":"medium","title":"Small number of images with EXIF metadata were discovered!","description":"Why this is bad: EXIF metadata can itself deanonymize a user or service operator (e.g. GPS location, Name etc.). Or, when combined, can be used to link anonymous identities together.","fix":"To fix, re-encode all images to strip EXIF and other metadata.","items":["/media/img/karona.jpg"]}]}}
