{"hiddenService":"fsocie3diwtymprg.onion","dateScanned":"2019-09-01T15:00:34.509389693Z","online":false,"performedScans":["web"],"webDetected":true,"tlsDetected":false,"sshDetected":false,"ricochetDetected":false,"ircDetected":false,"ftpDetected":false,"smtpDetected":false,"bitcoinDetected":false,"mongodbDetected":false,"vncDetected":false,"xmppDetected":false,"skynetDetected":false,"crawls":{"http://fsocie3diwtymprg.onion/":3374520546414160896,"http://fsocie3diwtymprg.onion/animate.css":68788175915918314,"http://fsocie3diwtymprg.onion/autosize.js":5671448223001529365,"http://fsocie3diwtymprg.onion/background.png":9018096981729209030,"http://fsocie3diwtymprg.onion/bigplay.fw.png":1154673976839785216,"http://fsocie3diwtymprg.onion/bigplay.png":465627501050629328,"http://fsocie3diwtymprg.onion/bigplay.svg":7897019134298753277,"http://fsocie3diwtymprg.onion/bootstrap-checkbox.js":9045102567137742957,"http://fsocie3diwtymprg.onion/brushed-alum.png":2815778388850505540,"http://fsocie3diwtymprg.onion/cache":1912798137462885399,"http://fsocie3diwtymprg.onion/cache/skemoji":5335311367976351596,"http://fsocie3diwtymprg.onion/cache/skemoji/skemoji-init.css":7992187531550117377,"http://fsocie3diwtymprg.onion/cache/skemoji/skemoji.css":1809873762429671218,"http://fsocie3diwtymprg.onion/chat.css":3592520974225317070,"http://fsocie3diwtymprg.onion/controls-ted.png":7094003695814991886,"http://fsocie3diwtymprg.onion/controls-wmp-bg.png":4796739193877212666,"http://fsocie3diwtymprg.onion/controls-wmp.png":336691148886543248,"http://fsocie3diwtymprg.onion/controls.fw.png":3440621251267910131,"http://fsocie3diwtymprg.onion/controls.png":7250070015774528768,"http://fsocie3diwtymprg.onion/controls.svg":7849461893937130123,"http://fsocie3diwtymprg.onion/cover-shadow.png":4617888063354618863,"http://fsocie3diwtymprg.onion/css/":5637864613187302158,"http://fsocie3diwtymprg.onion/datepicker.css":4339921323484968001,"http://fsocie3diwtymprg.onion/datepicker.js":3908501656721119786,"http://fsocie3diwtymprg.onion/datetimepicker.css":8432825230383765020,"http://fsocie3diwtymprg.onion/datetimepicker.js":713161625588237758,"http://fsocie3diwtymprg.onion/datetimepicker/":7671931659629460697,"http://fsocie3diwtymprg.onion/default-plan-icon.png":1193849756466391373,"http://fsocie3diwtymprg.onion/ellipsis.gif":6045135140411737831,"http://fsocie3diwtymprg.onion/flashmediaelement-cdn.swf":8645458411732154285,"http://fsocie3diwtymprg.onion/flashmediaelement-debug.swf":651008566911822451,"http://fsocie3diwtymprg.onion/flashmediaelement.swf":7828128822733704758,"http://fsocie3diwtymprg.onion/font-awesome.min.css":6090496571890236530,"http://fsocie3diwtymprg.onion/font-awesome/":5088488529784823294,"http://fsocie3diwtymprg.onion/fonts/":7194138150538697583,"http://fsocie3diwtymprg.onion/grid.png":2493023611643420826,"http://fsocie3diwtymprg.onion/icon.png":7089910421856799325,"http://fsocie3diwtymprg.onion/images/":8906763670603877579,"http://fsocie3diwtymprg.onion/index.php?\u0026lang=deutsch":3711446980953387256,"http://fsocie3diwtymprg.onion/index.php?\u0026lang=english":5747012051235750858,"http://fsocie3diwtymprg.onion/index.php?\u0026lang=espanol":4912239601796606480,"http://fsocie3diwtymprg.onion/index.php?\u0026lang=icelandic":3880606540536954838,"http://fsocie3diwtymprg.onion/index.php?\u0026lang=indonesian":2412689145038626333,"http://fsocie3diwtymprg.onion/index.php?\u0026lang=jawa":1215408349792794627,"http://fsocie3diwtymprg.onion/index.php?\u0026lang=portuguese":4910820111943297074,"http://fsocie3diwtymprg.onion/index.php?\u0026lang=turkish":7523208742102060689,"http://fsocie3diwtymprg.onion/index.php?a=terms\u0026b=about":7173867191440379811,"http://fsocie3diwtymprg.onion/index.php?a=terms\u0026b=about\u0026lang=deutsch":728815958126473938,"http://fsocie3diwtymprg.onion/index.php?a=terms\u0026b=about\u0026lang=english":4282574763312198416,"http://fsocie3diwtymprg.onion/index.php?a=terms\u0026b=about\u0026lang=espanol":426923431271180517,"http://fsocie3diwtymprg.onion/index.php?a=terms\u0026b=about\u0026lang=icelandic":5978370015214358407,"http://fsocie3diwtymprg.onion/index.php?a=terms\u0026b=about\u0026lang=indonesian":6339397383943088248,"http://fsocie3diwtymprg.onion/index.php?a=terms\u0026b=about\u0026lang=jawa":46547078888373040,"http://fsocie3diwtymprg.onion/index.php?a=terms\u0026b=about\u0026lang=portuguese":5619119517218358773,"http://fsocie3diwtymprg.onion/index.php?a=terms\u0026b=about\u0026lang=turkish":6581056577987618501,"http://fsocie3diwtymprg.onion/index.php?a=terms\u0026b=contact":4637545190943281312,"http://fsocie3diwtymprg.onion/index.php?a=terms\u0026b=contact\u0026lang=deutsch":4182271942928741218,"http://fsocie3diwtymprg.onion/index.php?a=terms\u0026b=contact\u0026lang=english":3158610980607465055,"http://fsocie3diwtymprg.onion/index.php?a=terms\u0026b=contact\u0026lang=espanol":5922384504430738633,"http://fsocie3diwtymprg.onion/index.php?a=terms\u0026b=contact\u0026lang=icelandic":3929156930958233837,"http://fsocie3diwtymprg.onion/index.php?a=terms\u0026b=contact\u0026lang=indonesian":6924143642633518783,"http://fsocie3diwtymprg.onion/index.php?a=terms\u0026b=contact\u0026lang=jawa":4276179883618520219,"http://fsocie3diwtymprg.onion/index.php?a=terms\u0026b=contact\u0026lang=portuguese":3888770172374462075,"http://fsocie3diwtymprg.onion/index.php?a=terms\u0026b=contact\u0026lang=turkish":4239744933331137465,"http://fsocie3diwtymprg.onion/index.php?a=terms\u0026b=developers":2989295225394131556,"http://fsocie3diwtymprg.onion/index.php?a=terms\u0026b=developers\u0026lang=deutsch":8354914864202721040,"http://fsocie3diwtymprg.onion/index.php?a=terms\u0026b=developers\u0026lang=english":5651218966530808673,"http://fsocie3diwtymprg.onion/index.php?a=terms\u0026b=developers\u0026lang=espanol":3482008238295312419,"http://fsocie3diwtymprg.onion/index.php?a=terms\u0026b=developers\u0026lang=icelandic":4645966320319070173,"http://fsocie3diwtymprg.onion/index.php?a=terms\u0026b=developers\u0026lang=indonesian":8702295692615169830,"http://fsocie3diwtymprg.onion/index.php?a=terms\u0026b=developers\u0026lang=jawa":11180105950829924,"http://fsocie3diwtymprg.onion/index.php?a=terms\u0026b=developers\u0026lang=portuguese":8349919781653450232,"http://fsocie3diwtymprg.onion/index.php?a=terms\u0026b=developers\u0026lang=turkish":1483545094029876412,"http://fsocie3diwtymprg.onion/index.php?a=terms\u0026b=disclaimer":1771131631576528317,"http://fsocie3diwtymprg.onion/index.php?a=terms\u0026b=disclaimer\u0026lang=deutsch":6281623231083563359,"http://fsocie3diwtymprg.onion/index.php?a=terms\u0026b=disclaimer\u0026lang=english":7538451447742593579,"http://fsocie3diwtymprg.onion/index.php?a=terms\u0026b=disclaimer\u0026lang=espanol":6437612437372327722,"http://fsocie3diwtymprg.onion/index.php?a=terms\u0026b=disclaimer\u0026lang=icelandic":5742975979078537536,"http://fsocie3diwtymprg.onion/index.php?a=terms\u0026b=disclaimer\u0026lang=indonesian":7759912742775595145,"http://fsocie3diwtymprg.onion/index.php?a=terms\u0026b=disclaimer\u0026lang=jawa":8847308939756502251,"http://fsocie3diwtymprg.onion/index.php?a=terms\u0026b=disclaimer\u0026lang=portuguese":7711369480572014210,"http://fsocie3diwtymprg.onion/index.php?a=terms\u0026b=disclaimer\u0026lang=turkish":5198318470274607563,"http://fsocie3diwtymprg.onion/index.php?a=terms\u0026b=privacy":5951018450425074682,"http://fsocie3diwtymprg.onion/index.php?a=terms\u0026b=privacy\u0026lang=deutsch":4677309484494146490,"http://fsocie3diwtymprg.onion/index.php?a=terms\u0026b=privacy\u0026lang=english":154330882474830801,"http://fsocie3diwtymprg.onion/index.php?a=terms\u0026b=privacy\u0026lang=espanol":7717561804512238364,"http://fsocie3diwtymprg.onion/index.php?a=terms\u0026b=privacy\u0026lang=icelandic":3045609327603068551,"http://fsocie3diwtymprg.onion/index.php?a=terms\u0026b=privacy\u0026lang=indonesian":6024028002073802560,"http://fsocie3diwtymprg.onion/index.php?a=terms\u0026b=privacy\u0026lang=jawa":4614040741182601651,"http://fsocie3diwtymprg.onion/index.php?a=terms\u0026b=privacy\u0026lang=portuguese":6664698561291516137,"http://fsocie3diwtymprg.onion/index.php?a=terms\u0026b=privacy\u0026lang=turkish":6635297973689664615,"http://fsocie3diwtymprg.onion/index.php?a=terms\u0026b=tos":6955980510768171040,"http://fsocie3diwtymprg.onion/index.php?a=terms\u0026b=tos\u0026lang=deutsch":2325109751779229838,"http://fsocie3diwtymprg.onion/index.php?a=terms\u0026b=tos\u0026lang=english":1656130131567289666,"http://fsocie3diwtymprg.onion/index.php?a=terms\u0026b=tos\u0026lang=espanol":1062771907885894125,"http://fsocie3diwtymprg.onion/index.php?a=terms\u0026b=tos\u0026lang=icelandic":3081150154122837149,"http://fsocie3diwtymprg.onion/index.php?a=terms\u0026b=tos\u0026lang=indonesian":8488110568348983766,"http://fsocie3diwtymprg.onion/index.php?a=terms\u0026b=tos\u0026lang=jawa":818135084938055402,"http://fsocie3diwtymprg.onion/index.php?a=terms\u0026b=tos\u0026lang=portuguese":6363854009445027343,"http://fsocie3diwtymprg.onion/index.php?a=terms\u0026b=tos\u0026lang=turkish":8059335482860520168,"http://fsocie3diwtymprg.onion/info.php":3838510082250541115,"http://fsocie3diwtymprg.onion/javascript/":1712357108877038953,"http://fsocie3diwtymprg.onion/jquery-timeago-full.js":5553810520337155495,"http://fsocie3diwtymprg.onion/jquery-timeago-short.js":4657462695254852522,"http://fsocie3diwtymprg.onion/jquery-ui.min.js":8999360316205031082,"http://fsocie3diwtymprg.onion/jquery-ui/":3045296597029998279,"http://fsocie3diwtymprg.onion/jquery.1.10.2.min.js":7817436397092786645,"http://fsocie3diwtymprg.onion/jquery.form.min.js":3686712798503301493,"http://fsocie3diwtymprg.onion/jquery.mentions.css":6594317591814773219,"http://fsocie3diwtymprg.onion/jquery.mentions.js":4774355316450752974,"http://fsocie3diwtymprg.onion/jquery.ui.touch-punch.min.js":8598585249751996346,"http://fsocie3diwtymprg.onion/json/":3636108614915658472,"http://fsocie3diwtymprg.onion/jumpforward.png":4886215200318782730,"http://fsocie3diwtymprg.onion/layout/":8565356760022913190,"http://fsocie3diwtymprg.onion/less/":1157369832795119735,"http://fsocie3diwtymprg.onion/lettering.js":3233363505188947835,"http://fsocie3diwtymprg.onion/loading.gif":3115509755254901510,"http://fsocie3diwtymprg.onion/logo/":1969623257259816148,"http://fsocie3diwtymprg.onion/maxi.png":2657950769330736868,"http://fsocie3diwtymprg.onion/mediaelement-and-player.js":2547750801861197119,"http://fsocie3diwtymprg.onion/mediaelementjs/":5749501910740417739,"http://fsocie3diwtymprg.onion/mejs-skins.css":3343221187864276551,"http://fsocie3diwtymprg.onion/min.css":5583512938809587069,"http://fsocie3diwtymprg.onion/mini.png":725072688448611257,"http://fsocie3diwtymprg.onion/paywithamericanexpress.png":6618840219119384488,"http://fsocie3diwtymprg.onion/paywithdinersclub.png":7078631955577383951,"http://fsocie3diwtymprg.onion/paywithdiscover.png":8732118301970281658,"http://fsocie3diwtymprg.onion/paywithjcb.png":3907090822446238422,"http://fsocie3diwtymprg.onion/paywithmastercard.png":2205308821225344689,"http://fsocie3diwtymprg.onion/paywithpaypal.png":4507675806902870161,"http://fsocie3diwtymprg.onion/paywithvisa.png":8196949263709604000,"http://fsocie3diwtymprg.onion/preview.png":5334547114596993769,"http://fsocie3diwtymprg.onion/private_key":555124555764805440,"http://fsocie3diwtymprg.onion/require.js":3502942508664400859,"http://fsocie3diwtymprg.onion/script.js":5753430272026054024,"http://fsocie3diwtymprg.onion/scss/":1901960944544775855,"http://fsocie3diwtymprg.onion/server-status":7172617663443437887,"http://fsocie3diwtymprg.onion/silverlightmediaelement.xap":3506973244283494340,"http://fsocie3diwtymprg.onion/simplecolorpicker.css":3686136911561216815,"http://fsocie3diwtymprg.onion/simplecolorpicker.js":1881552983390135778,"http://fsocie3diwtymprg.onion/skemoji-init.css":4493896199590359445,"http://fsocie3diwtymprg.onion/skemoji.css":203734390422306683,"http://fsocie3diwtymprg.onion/skemoji.php":6844761371399943249,"http://fsocie3diwtymprg.onion/skipback.png":3440654247243749298,"http://fsocie3diwtymprg.onion/socialkit-icon.eot":5292630128173327621,"http://fsocie3diwtymprg.onion/socialkit-icon.svg":2869684070053186114,"http://fsocie3diwtymprg.onion/socialkit-icon.ttf":1137424118418788100,"http://fsocie3diwtymprg.onion/socialkit-icon.woff":2725178720956580202,"http://fsocie3diwtymprg.onion/socialkit-vi/":3124340266299404439,"http://fsocie3diwtymprg.onion/sounds/":4236557330020722862,"http://fsocie3diwtymprg.onion/style-v2.1.css":7860042181534836199,"http://fsocie3diwtymprg.onion/style-v2.2.css":4219960887634393926,"http://fsocie3diwtymprg.onion/style-v2.3.css":8792954518205240296,"http://fsocie3diwtymprg.onion/style-v2.4.css":5328219729323691084,"http://fsocie3diwtymprg.onion/style-v2.5.css":8587127781789896408,"http://fsocie3diwtymprg.onion/style.css":4783856128775319221,"http://fsocie3diwtymprg.onion/svgs/":3367677037546991431,"http://fsocie3diwtymprg.onion/textillate.js":7673823892113434978,"http://fsocie3diwtymprg.onion/themes":7222330106376796183,"http://fsocie3diwtymprg.onion/themes/broccoli":5041254124799879845,"http://fsocie3diwtymprg.onion/themes/broccoli/css":7587993495466632978,"http://fsocie3diwtymprg.onion/themes/broccoli/css/animate.css":3729152804778673927,"http://fsocie3diwtymprg.onion/themes/broccoli/css/datepicker.css":1432999789814314784,"http://fsocie3diwtymprg.onion/themes/broccoli/css/datetimepicker":7962750675020944649,"http://fsocie3diwtymprg.onion/themes/broccoli/css/datetimepicker/datetimepicker.css":2054154679010949888,"http://fsocie3diwtymprg.onion/themes/broccoli/css/font-awesome":4962269699107238731,"http://fsocie3diwtymprg.onion/themes/broccoli/css/font-awesome/css":6848689360675370122,"http://fsocie3diwtymprg.onion/themes/broccoli/css/font-awesome/css/font-awesome.min.css":1639778507821418096,"http://fsocie3diwtymprg.onion/themes/broccoli/css/jquery-ui":3244060175611198143,"http://fsocie3diwtymprg.onion/themes/broccoli/css/jquery-ui/min.css":2656583225023983368,"http://fsocie3diwtymprg.onion/themes/broccoli/css/jquery.mentions.css":4104898331671055392,"http://fsocie3diwtymprg.onion/themes/broccoli/css/mediaelementjs":7535630351877757555,"http://fsocie3diwtymprg.onion/themes/broccoli/css/mediaelementjs/style.css":6894498280999117443,"http://fsocie3diwtymprg.onion/themes/broccoli/css/simplecolorpicker.css":6735012313074101998,"http://fsocie3diwtymprg.onion/themes/broccoli/css/socialkit-vi":7110373259681536328,"http://fsocie3diwtymprg.onion/themes/broccoli/css/socialkit-vi/style.css":5018328998165362261,"http://fsocie3diwtymprg.onion/themes/broccoli/css/style-v2.1.css":3262021176474479276,"http://fsocie3diwtymprg.onion/themes/broccoli/css/style-v2.2.css":487791173666409908,"http://fsocie3diwtymprg.onion/themes/broccoli/css/style-v2.3.css":4225664638807805835,"http://fsocie3diwtymprg.onion/themes/broccoli/css/style-v2.4.css":1383223757354199316,"http://fsocie3diwtymprg.onion/themes/broccoli/css/style-v2.5.css":1307452822902440448,"http://fsocie3diwtymprg.onion/themes/broccoli/css/style.css":5449699501503308436,"http://fsocie3diwtymprg.onion/themes/broccoli/images":877854789154946721,"http://fsocie3diwtymprg.onion/themes/broccoli/images/logo":6028124038000487008,"http://fsocie3diwtymprg.onion/themes/broccoli/images/logo/mini.png":1621252827118212077,"http://fsocie3diwtymprg.onion/themes/broccoli/images/logo/tp-maxi.png":6464148674618073103,"http://fsocie3diwtymprg.onion/themes/broccoli/images/logo/tp-mini.png":3823640942185257476,"http://fsocie3diwtymprg.onion/themes/broccoli/images/logo/welcome.png":879694168101754161,"http://fsocie3diwtymprg.onion/themes/broccoli/javascript":1233883747402927994,"http://fsocie3diwtymprg.onion/themes/broccoli/javascript/autosize.js":7094037504424470429,"http://fsocie3diwtymprg.onion/themes/broccoli/javascript/datepicker.js":8868230292210878429,"http://fsocie3diwtymprg.onion/themes/broccoli/javascript/datetimepicker.js":7849425998348428357,"http://fsocie3diwtymprg.onion/themes/broccoli/javascript/jquery-timeago-full.js":1265947401766679850,"http://fsocie3diwtymprg.onion/themes/broccoli/javascript/jquery-timeago-short.js":6384962454595424137,"http://fsocie3diwtymprg.onion/themes/broccoli/javascript/jquery-ui.min.js":3913831180400153014,"http://fsocie3diwtymprg.onion/themes/broccoli/javascript/jquery.1.10.2.min.js":1173740942690720237,"http://fsocie3diwtymprg.onion/themes/broccoli/javascript/jquery.form.min.js":657772214286893938,"http://fsocie3diwtymprg.onion/themes/broccoli/javascript/jquery.mentions.js":395821616682187381,"http://fsocie3diwtymprg.onion/themes/broccoli/javascript/jquery.ui.touch-punch.min.js":3955818861105219771,"http://fsocie3diwtymprg.onion/themes/broccoli/javascript/lettering.js":8953205034565411274,"http://fsocie3diwtymprg.onion/themes/broccoli/javascript/mediaelementjs":6684425695270424630,"http://fsocie3diwtymprg.onion/themes/broccoli/javascript/mediaelementjs/mediaelement-and-player.js":1680444813394629101,"http://fsocie3diwtymprg.onion/themes/broccoli/javascript/script.js":2013489445011211509,"http://fsocie3diwtymprg.onion/themes/broccoli/javascript/simplecolorpicker.js":2070243533202605675,"http://fsocie3diwtymprg.onion/themes/broccoli/javascript/textillate.js":512517928023003205,"http://fsocie3diwtymprg.onion/themes/broccoli/javascript/twilio-common.js":8373460208696876320,"http://fsocie3diwtymprg.onion/themes/broccoli/javascript/twilio-conversations.js":557084141523139624,"http://fsocie3diwtymprg.onion/tp-maxi.png":1921202881181326536,"http://fsocie3diwtymprg.onion/tp-mini.png":728251473088878766,"http://fsocie3diwtymprg.onion/twilio-common.js":3983219644415647333,"http://fsocie3diwtymprg.onion/twilio-conversations.js":7971272288683671580,"http://fsocie3diwtymprg.onion/wbg-images/":8654031059229066651,"http://fsocie3diwtymprg.onion/wbg-videos/":5615920558897454657,"http://fsocie3diwtymprg.onion/welcome.png":1477115430164601247,"http://fsocie3diwtymprg.onion/welcome2.png":3972182572873915167},"pgpKeys":null,"certificates":null,"bitcoinServices":{},"sshKey":"","sshBanner":"","ftpFingerprint":"","ftpBanner":"","smtpFingerprint":"","smtpBanner":"","lastAction":"web","timedOut":true,"error":null,"identifierReport":{"privateKeyDetected":false,"foundApacheModStatus":false,"serverVersion":"","relatedOnionServices":null,"relatedOnionDomains":null,"ipAddresses":null,"emailAddresses":["your_email_address@email-server.com"],"analyticsIDs":null,"bitcoinAddresses":null,"linkedOnions":null,"openDirectories":["/themes/broccoli/javascript","/themes/broccoli/images","/themes/broccoli/css","/themes/broccoli/css/datetimepicker","/themes/broccoli/css/font-awesome/css","/themes/broccoli/css/socialkit-vi","/themes/broccoli/css/jquery-ui","/themes/broccoli/css/font-awesome","/themes/broccoli/images/logo","/themes/broccoli/javascript/mediaelementjs","/themes/broccoli/css/mediaelementjs","/cache/skemoji","/themes/broccoli"],"exifImages":null},"simpleReport":{"hiddenService":"fsocie3diwtymprg.onion","risks":[{"severity":"info","title":"Found Identities","description":"","fix":"","items":["your_email_address@email-server.com"]},{"severity":"medium","title":"Large number of open directories were discovered!","description":"Why this is bad: Open directories can reveal the existence of files not linked from the sites source code. Most of the time this is benign, but sometimes operators forget to clean up more sensitive folders.","fix":"To fix, use .htaccess rules or equivalent to make reading directories listings forbidden. Quick Fix (Disable indexing globally) for Debian / Ubuntu running Apache: a2dismod autoindex as root.","items":["/themes/broccoli/javascript","/themes/broccoli/images","/themes/broccoli/css","/themes/broccoli/css/datetimepicker","/themes/broccoli/css/font-awesome/css","/themes/broccoli/css/socialkit-vi","/themes/broccoli/css/jquery-ui","/themes/broccoli/css/font-awesome","/themes/broccoli/images/logo","/themes/broccoli/javascript/mediaelementjs","/themes/broccoli/css/mediaelementjs","/cache/skemoji","/themes/broccoli"]}]}}
